comment_id,video_id,username,comment_text,digg_count,create_time,clean_text,video_context,llm_hate_speech,llm_confidence,llm_justification,batch_size_tested
6997455519837700891,6994046144053660930,Linh Tuyáº¿t,Ã©c hot vd c gÃ¡i :)))),1,1629222093,Ã©c hot vd c gÃ¡i :)))),,NOT_HATE_SPEECH,1.0,BÃ¬nh luáº­n lÃ  má»™t lá»i khen ngá»£i tÃ­ch cá»±c.,128.0
6994112473934611226,6994046144053660930,Quynh.99,Xá»‹n luÃ´n,1,1628443724,xá»‹n luÃ´n,,NOT_HATE_SPEECH,1.0,BÃ¬nh luáº­n lÃ  má»™t lá»i khen ngá»£i tÃ­ch cá»±c.,128.0
6996563583249810203,6994046144053660930,Duongnhi â™¡,Chá»‹ Æ¡i cho e xin info lens vá»©iii,1,1629014413,chá»‹ Æ¡i cho e xin info lens vá»©iii,,NOT_HATE_SPEECH,1.0,"BÃ¬nh luáº­n lÃ  má»™t cÃ¢u há»i yÃªu cáº§u thÃ´ng tin, khÃ´ng cÃ³ Ã½ xÃºc pháº¡m.",128.0
6998891108176675611,6994046144053660930,PhÃ¹ Thuá»·,Ã´i Ä‘áº¹p,1,1629556327,Ã´i Ä‘áº¹p,,NOT_HATE_SPEECH,1.0,BÃ¬nh luáº­n lÃ  má»™t lá»i khen ngá»£i tÃ­ch cá»±c.,128.0
6994638130443993882,6994046144053660930,çŒ« MÃ¨o Äen ğŸ±ğŸƒ,Xuáº¥t sáº¯c. Äáº¹p liá»n luÃ´n,1,1628566106,xuáº¥t sáº¯c. Ä‘áº¹p liá»n luÃ´n,,NOT_HATE_SPEECH,1.0,BÃ¬nh luáº­n lÃ  má»™t lá»i khen ngá»£i tÃ­ch cá»±c.,128.0
6994358185247605531,6994046144053660930,Trang Minn,Lsao Ä‘á»ƒ xinh nhÆ° bğŸ˜ğŸ˜ğŸ˜,1,1628500927,lsao Ä‘á»ƒ xinh nhÆ° b,,NOT_HATE_SPEECH,1.0,BÃ¬nh luáº­n lÃ  má»™t cÃ¢u há»i khen ngá»£i.,128.0
6994107085495468826,6994046144053660930,Ngá»cNgÃ¢n,Xuáº¥t sáº¯c c Æ¡iğŸ¥° Ä‘áº¹p xá»‰u,1,1628442466,xuáº¥t sáº¯c c Æ¡i Ä‘áº¹p xá»‰u,,NOT_HATE_SPEECH,1.0,BÃ¬nh luáº­n lÃ  má»™t lá»i khen ngá»£i tÃ­ch cá»±c.,128.0
6994296558737457947,6994046144053660930,HHHH,Ã”i máº¹ oi xuáº¥t sáº¯c,1,1628486579,Ã´i máº¹ oi xuáº¥t sáº¯c,,NOT_HATE_SPEECH,1.0,BÃ¬nh luáº­n lÃ  má»™t lá»i khen ngá»£i tÃ­ch cá»±c.,128.0
7001454617896698650,6994046144053660930,Huyá»n PhÆ°Æ¡ngğŸ–¤,MÃ´i xinh quÃ¡ b Æ¡i. ğŸ¥°ğŸ¥°,1,1630153191,mÃ´i xinh quÃ¡ b Æ¡i.,,NOT_HATE_SPEECH,1.0,BÃ¬nh luáº­n lÃ  má»™t lá»i khen ngá»£i tÃ­ch cá»±c.,128.0
7001793500161590042,6994046144053660930,Kim CÃºc Thanh LÃ½ KÃ­ Gá»­i,Sao Ä‘áº¹p quÃ¡ z nÃ¨ ğŸ¥º,1,1630232095,sao Ä‘áº¹p quÃ¡ z nÃ¨,,NOT_HATE_SPEECH,1.0,BÃ¬nh luáº­n lÃ  má»™t lá»i khen ngá»£i tÃ­ch cá»±c.,128.0
6994086797710738203,6994046144053660930,ğ‘»ğ’‰ğ’–ğ’šÌ€ ğ‘©ğ‘´,MÃ¡ Ä‘áº¹p vÃ£i ğŸ˜³,1,1628437742,mÃ¡ Ä‘áº¹p vÃ£i,,NOT_HATE_SPEECH,1.0,BÃ¬nh luáº­n lÃ  má»™t lá»i khen ngá»£i tÃ­ch cá»±c.,128.0
6994053544718680859,6994046144053660930,Linh Heo ThÃ¬,xá»‹n tháº¿ lÃ y,1,1628429995,xá»‹n tháº¿ lÃ y,,NOT_HATE_SPEECH,1.0,BÃ¬nh luáº­n lÃ  má»™t lá»i khen ngá»£i tÃ­ch cá»±c.,128.0
6998840742156337947,6994046144053660930,Lychee ğŸ°,Äáº¹p xá»‰u,1,1629544601,Ä‘áº¹p xá»‰u,,NOT_HATE_SPEECH,1.0,BÃ¬nh luáº­n lÃ  má»™t lá»i khen ngá»£i tÃ­ch cá»±c.,128.0
7489087956977025793,6994046144053660930,BÃ¬nh KÃª,E gÃ¡i nÃ y xinh quÃ¡ ğŸ¤£,1,1743689190,e gÃ¡i nÃ y xinh quÃ¡,,NOT_HATE_SPEECH,1.0,BÃ¬nh luáº­n lÃ  má»™t lá»i khen ngá»£i tÃ­ch cá»±c.,128.0
6994257375909692187,6994046144053660930,TuThanh99,Báº¡n lÃ m clip hÆ°á»›ng dáº«n makeup nÃ y Ä‘c k áº¡ ğŸ¥º,4,1628477454,báº¡n lÃ m clip hÆ°á»›ng dáº«n makeup nÃ y Ä‘c k áº¡,,NOT_HATE_SPEECH,1.0,"BÃ¬nh luáº­n lÃ  má»™t cÃ¢u há»i yÃªu cáº§u hÆ°á»›ng dáº«n, khÃ´ng cÃ³ Ã½ xÃºc pháº¡m.",128.0
6994093041015423770,6994046144053660930,Mai TranggğŸ–¤,"Äá»‰nh quÃ¡ c Æ¡ii , c lamd video dáº­y make tone nÃ y Ä‘i áº¡",1,1628439194,"Ä‘á»‰nh quÃ¡ c Æ¡ii , c lamd video dáº­y make tone nÃ y Ä‘i áº¡",,NOT_HATE_SPEECH,1.0,BÃ¬nh luáº­n lÃ  má»™t lá»i khen ngá»£i vÃ  yÃªu cáº§u hÆ°á»›ng dáº«n tÃ­ch cá»±c.,128.0
6998807766685270810,6994046144053660930,Trang Bee,Lens mÃ u gÃ¬ v b,1,1629536925,lens mÃ u gÃ¬ v b,,NOT_HATE_SPEECH,1.0,"BÃ¬nh luáº­n lÃ  má»™t cÃ¢u há»i yÃªu cáº§u thÃ´ng tin, khÃ´ng cÃ³ Ã½ xÃºc pháº¡m.",128.0
6994064007724598043,6994046144053660930,Mai makeup á»Ÿ ThÃ¡iâ€¦ NguyÃªn,Máº·t má»™c cÅ©ng xinh rá»“i :))) tÃ´i tháº¥y nhá»¯ng giá»t má»“ hÃ´i chÄƒm chá»‰ táº­p tÃ nh trÃªn máº·t cÃ´ áº¥y ğŸ¥ºğŸ¥ºğŸ¥º,2,1628432432,máº·t má»™c cÅ©ng xinh rá»“i :))) tÃ´i tháº¥y nhá»¯ng giá»t má»“ hÃ´i chÄƒm chá»‰ táº­p tÃ nh trÃªn máº·t cÃ´ áº¥y,,NOT_HATE_SPEECH,1.0,BÃ¬nh luáº­n lÃ  má»™t lá»i khen ngá»£i tÃ­ch cá»±c vá» váº» Ä‘áº¹p tá»± nhiÃªn vÃ  sá»± chÄƒm chá»‰.,128.0
6994385417525805851,6994046144053660930,ğŸ™‚,Chj ji lÃ  cÃ´ giÃ¡o dáº¡y makeup mÃ  nc cÆ°ng xÄ©u luÃ´n Ä‘ug hk áº¡h!,1,1628507268,chj ji lÃ  cÃ´ giÃ¡o dáº¡y makeup mÃ  nc cÆ°ng xÄ©u luÃ´n Ä‘ug hk áº¡h!,,NOT_HATE_SPEECH,1.0,BÃ¬nh luáº­n lÃ  má»™t lá»i khen ngá»£i vá» tÃ­nh cÃ¡ch cá»§a ngÆ°á»i trong video.,128.0
6994082630703006491,6994046144053660930,Roco,"Ãšiii , xinh Ä‘á»‰nkmlun c Æ¡iiiğŸ˜šğŸ˜š",1,1628436770,"Ãºiii , xinh Ä‘á»‰nkmlun c Æ¡iii",,NOT_HATE_SPEECH,1.0,BÃ¬nh luáº­n lÃ  má»™t lá»i khen ngá»£i tÃ­ch cá»±c.,128.0
6994070103386686235,6994046144053660930,Má»¹ Linh BÄS,LÃªn xu hÆ°á»›ng thÃ´iğŸ˜,0,1628433853,lÃªn xu hÆ°á»›ng thÃ´i,,NOT_HATE_SPEECH,1.0,"BÃ¬nh luáº­n thá»ƒ hiá»‡n mong muá»‘n video sáº½ phá»• biáº¿n, mang Ã½ nghÄ©a tÃ­ch cá»±c.",128.0
7004716039964017409,6994046144053660930,MunnğŸ¦‹,Ui xinh nghÃª,0,1630912554,ui xinh nghÃª,,NOT_HATE_SPEECH,1.0,BÃ¬nh luáº­n lÃ  má»™t lá»i khen ngá»£i tÃ­ch cá»±c.,128.0
6994730845639115546,6994046144053660930,HÃ¬nn Ä‘á»c lÃ  Hiá»nn,B cÃ³ dáº­y make up cÃ¡ nhÃ¢n ko áº¡,0,1628587694,b cÃ³ dáº­y make up cÃ¡ nhÃ¢n ko áº¡,,NOT_HATE_SPEECH,1.0,"BÃ¬nh luáº­n lÃ  má»™t cÃ¢u há»i yÃªu cáº§u thÃ´ng tin, khÃ´ng cÃ³ Ã½ xÃºc pháº¡m.",128.0
7017440602614891291,6994046144053660930,Trang Aki ğŸ“¸,Äá»™ rÃ²ii ğŸ˜‚,0,1633875218,Ä‘á»™ rÃ²ii,,NOT_HATE_SPEECH,0.8,"BÃ¬nh luáº­n cÃ³ thá»ƒ lÃ  má»™t lá»i khen hoáº·c má»™t nháº­n xÃ©t trung láº­p, khÃ´ng cÃ³ dáº¥u hiá»‡u xÃºc pháº¡m.",128.0
7012832382650925850,6994046144053660930,Ri Ãº,Máº·t má»™c Ä‘Ã£ quÃ¡ xinh,0,1632802284,máº·t má»™c Ä‘Ã£ quÃ¡ xinh,,NOT_HATE_SPEECH,1.0,BÃ¬nh luáº­n lÃ  má»™t lá»i khen ngá»£i tÃ­ch cá»±c.,128.0
7025100227552576282,6994046144053660930,Tráº§n Dung,MÃ¡ Æ¡i,0,1635658617,mÃ¡ Æ¡i,,NOT_HATE_SPEECH,1.0,BÃ¬nh luáº­n lÃ  má»™t thÃ¡n tá»« thá»ƒ hiá»‡n sá»± ngáº¡c nhiÃªn tÃ­ch cá»±c hoáº·c khÃ´ng tiÃªu cá»±c.,128.0
7004416892807217946,6994046144053660930,Lullea,QuÃ¡ xuáº¥t sáº¯c c iu ğŸ˜³ğŸ¥°,0,1630842901,quÃ¡ xuáº¥t sáº¯c c iu,,NOT_HATE_SPEECH,1.0,BÃ¬nh luáº­n lÃ  má»™t lá»i khen ngá»£i tÃ­ch cá»±c.,128.0
7002973919133483802,6994046144053660930,Narry Dinh,Wow make up xuáº¥t sáº¯c váº­y tağŸ¥°ğŸ¥°ğŸ¥°ğŸ¥°ğŸ¥°,0,1630506932,wow make up xuáº¥t sáº¯c váº­y ta,,NOT_HATE_SPEECH,1.0,BÃ¬nh luáº­n lÃ  má»™t lá»i khen ngá»£i tÃ­ch cá»±c.,128.0
7013627696119202587,7013362152782171419,L2K,kháº©u trang má»›i xuáº¥t báº£n ğŸ˜‚ğŸ˜‚ğŸ˜‚,5375,1632987459,kháº©u trang má»›i xuáº¥t báº£n,,NOT_HATE_SPEECH,0.9,"BÃ¬nh luáº­n lÃ  má»™t cÃ¢u nÃ³i hÃ i hÆ°á»›c liÃªn quan Ä‘áº¿n má»™t xu hÆ°á»›ng (meme) sá»­ dá»¥ng bÄƒng vá»‡ sinh nhÆ° kháº©u trang, khÃ´ng cÃ³ Ã½ xÃºc pháº¡m.",128.0
7013733345788494594,7013362152782171419,Viáº¿t ÄoÃ n,cÃ¡i nÃ y má»›i quÃ¡ Ä‘á»•i cÃ¡i qua sá»­ dá»¥ng Ä‘iğŸ˜…,7,1633012057,cÃ¡i nÃ y má»›i quÃ¡ Ä‘á»•i cÃ¡i qua sá»­ dá»¥ng Ä‘i,,NOT_HATE_SPEECH,0.9,"BÃ¬nh luáº­n lÃ  má»™t cÃ¢u nÃ³i hÃ i hÆ°á»›c liÃªn quan Ä‘áº¿n má»™t xu hÆ°á»›ng (meme) sá»­ dá»¥ng bÄƒng vá»‡ sinh nhÆ° kháº©u trang, khÃ´ng cÃ³ Ã½ xÃºc pháº¡m.",128.0
7014011639964451611,7013362152782171419,Kim NgaÌ‚ná¥«á­¡,"CÃ¡c Ã´ng mua vá» Ä‘eo thá»­ ik, mÃ¹i hÆ°Æ¡ng thÆ¡m mÃ¡t dá»… chá»‹u, ngá»§ ngon giáº¥cğŸ˜‚",1790,1633076855,"cÃ¡c Ã´ng mua vá» Ä‘eo thá»­ ik, mÃ¹i hÆ°Æ¡ng thÆ¡m mÃ¡t dá»… chá»‹u, ngá»§ ngon giáº¥c",,NOT_HATE_SPEECH,0.9,"BÃ¬nh luáº­n lÃ  má»™t cÃ¢u nÃ³i hÃ i hÆ°á»›c liÃªn quan Ä‘áº¿n má»™t xu hÆ°á»›ng (meme) sá»­ dá»¥ng bÄƒng vá»‡ sinh nhÆ° kháº©u trang, khÃ´ng cÃ³ Ã½ xÃºc pháº¡m.",128.0
7013634655849153307,7013362152782171419,Baby HÃ¢n,ui lÃ  trá»iğŸ˜‚ğŸ˜‚ğŸ˜‚ğŸ˜‚ğŸ˜‚,21,1632989079,ui lÃ  trá»i,,NOT_HATE_SPEECH,1.0,BÃ¬nh luáº­n lÃ  má»™t thÃ¡n tá»« thá»ƒ hiá»‡n sá»± ngáº¡c nhiÃªn tÃ­ch cá»±c hoáº·c khÃ´ng tiÃªu cá»±c.,128.0
7013620606935909146,7013362152782171419,Vy Huá»³nh,ulatrğŸ˜‚,12,1632985809,ulatr,,NOT_HATE_SPEECH,1.0,BÃ¬nh luáº­n lÃ  má»™t thÃ¡n tá»« thá»ƒ hiá»‡n sá»± ngáº¡c nhiÃªn tÃ­ch cá»±c hoáº·c khÃ´ng tiÃªu cá»±c.,128.0
7013719784604893978,7013362152782171419,Anh háº¡t láº¡c.,thÃ­ch tháº­t.ğŸ˜‚ğŸ˜‚ğŸ˜‚ğŸ¤£ğŸ¤£ğŸ¤£,7,1633008898,thÃ­ch tháº­t.,,NOT_HATE_SPEECH,1.0,"BÃ¬nh luáº­n thá»ƒ hiá»‡n sá»± thÃ­ch thÃº, khÃ´ng cÃ³ Ã½ xÃºc pháº¡m.",128.0
7013657583219426074,7013362152782171419,basketball ğŸ€,cá»§a máº¥y bÃ  Ä‘áº¥y ğŸ˜‚ko pháº£i cá»§a con trai Ä‘Ã¢uğŸ˜‚ğŸ˜‚ğŸ˜‚ğŸ˜‚ğŸ˜‚ğŸ˜‚ğŸ˜‚ğŸ˜‚,6,1632994418,cá»§a máº¥y bÃ  Ä‘áº¥y ko pháº£i cá»§a con trai Ä‘Ã¢u,,NOT_HATE_SPEECH,0.9,"BÃ¬nh luáº­n chá»‰ ra Ä‘á»‘i tÆ°á»£ng sá»­ dá»¥ng sáº£n pháº©m theo hÆ°á»›ng hÃ i hÆ°á»›c, khÃ´ng cÃ³ Ã½ xÃºc pháº¡m.",128.0
7013646998079554330,7013362152782171419,Äá»— Tháº¯ng Ca SÄ©,U lÃ  trá»iğŸ˜‚ğŸ˜‚ğŸ˜‚,7,1632991954,u lÃ  trá»i,,NOT_HATE_SPEECH,1.0,BÃ¬nh luáº­n lÃ  má»™t thÃ¡n tá»« thá»ƒ hiá»‡n sá»± ngáº¡c nhiÃªn tÃ­ch cá»±c hoáº·c khÃ´ng tiÃªu cá»±c.,128.0
7013635940354933505,7013362152782171419,à±¨à§,vÃ£iğŸ˜…,5,1632989379,vÃ£i,,NOT_HATE_SPEECH,1.0,BÃ¬nh luáº­n lÃ  má»™t thÃ¡n tá»« thá»ƒ hiá»‡n sá»± ngáº¡c nhiÃªn tÃ­ch cá»±c hoáº·c khÃ´ng tiÃªu cá»±c.,128.0
7013735392428294939,7013362152782171419,Draken182007,Ã´i...,9,1633012532,Ã´i...,,NOT_HATE_SPEECH,1.0,BÃ¬nh luáº­n lÃ  má»™t thÃ¡n tá»« thá»ƒ hiá»‡n sá»± ngáº¡c nhiÃªn tÃ­ch cá»±c hoáº·c khÃ´ng tiÃªu cá»±c.,128.0
7013632871642678043,7013362152782171419,user17014951377,mua Ä‘Ã¢u Ä‘áº¥y,15,1632988664,mua Ä‘Ã¢u Ä‘áº¥y,,NOT_HATE_SPEECH,0.9,"BÃ¬nh luáº­n lÃ  cÃ¢u há»i liÃªn quan Ä‘áº¿n sáº£n pháº©m trong xu hÆ°á»›ng hÃ i hÆ°á»›c, khÃ´ng cÃ³ Ã½ xÃºc pháº¡m.",128.0
7013696936948204315,7013362152782171419,T,chj Ä‘Ã³ máº·c r cÃ¡i Ä‘Æ°a chi anh Ä‘Ã³ Ä‘eo vÃ o ğŸ˜‚ğŸ˜‚,188,1633003580,chj Ä‘Ã³ máº·c r cÃ¡i Ä‘Æ°a chi anh Ä‘Ã³ Ä‘eo vÃ o,,NOT_HATE_SPEECH,0.8,"BÃ¬nh luáº­n mÃ´ táº£ hÃ nh Ä‘á»™ng trong video theo hÆ°á»›ng hÃ i hÆ°á»›c, khÃ´ng cÃ³ Ã½ xÃºc pháº¡m cÃ¡ nhÃ¢n hay nhÃ³m xÃ£ há»™i.",128.0
7013650295779771163,7013362152782171419,trÆ°á»ng,máº·t náº¡ máº«u má»›i háº£ğŸ˜…,6,1632992721,máº·t náº¡ máº«u má»›i háº£,,NOT_HATE_SPEECH,0.9,"BÃ¬nh luáº­n lÃ  má»™t cÃ¢u nÃ³i hÃ i hÆ°á»›c liÃªn quan Ä‘áº¿n má»™t xu hÆ°á»›ng (meme) sá»­ dá»¥ng bÄƒng vá»‡ sinh nhÆ° kháº©u trang, khÃ´ng cÃ³ Ã½ xÃºc pháº¡m.",128.0
7013678719106188059,7013362152782171419,ğ™ğ™ªğ™®                   Zen,"á»§a cÃ¡i j tháº¿, cho kao dÃ¹ng vsğŸ˜‚",71,1632999339,"á»§a cÃ¡i j tháº¿, cho kao dÃ¹ng vs",,NOT_HATE_SPEECH,0.9,"BÃ¬nh luáº­n lÃ  má»™t cÃ¢u nÃ³i hÃ i hÆ°á»›c liÃªn quan Ä‘áº¿n má»™t xu hÆ°á»›ng (meme) sá»­ dá»¥ng bÄƒng vá»‡ sinh nhÆ° kháº©u trang, khÃ´ng cÃ³ Ã½ xÃºc pháº¡m.",128.0
7013590119936754459,7013362152782171419,an1234,cá»§a con gÃ¡i@ğŸ¤­ğŸ¤­,16,1632978709,cá»§a con gÃ¡i,,NOT_HATE_SPEECH,0.9,"BÃ¬nh luáº­n chá»‰ ra Ä‘á»‘i tÆ°á»£ng sá»­ dá»¥ng sáº£n pháº©m theo hÆ°á»›ng hÃ i hÆ°á»›c, khÃ´ng cÃ³ Ã½ xÃºc pháº¡m.",128.0
7013747052869944091,7013362152782171419,Hiá»n,Ã´ng naÌ€y khoaÌi nÄƒÌ€m nguÌ‰ im ru ğŸ˜‚,28,1633015248,Ã´ng nay khoai nÄƒm ngu im ru,,HATE_SPEECH,0.9,"BÃ¬nh luáº­n chá»©a tá»« ngá»¯ tá»¥c tÄ©u vÃ  cÃ´ng kÃ­ch, xÃºc pháº¡m Ä‘áº¿n trÃ­ tuá»‡ vÃ  cÃ³ thá»ƒ cáº£ giá»›i tÃ­nh cá»§a ngÆ°á»i khÃ¡c.",128.0
7013638283444241178,7013362152782171419,Bi,lÃ m Theo chÃº tuÃ¢n. thÃ´iğŸ˜‚,59,1632989926,lÃ m theo chÃº tuÃ¢n. thÃ´i,,NOT_HATE_SPEECH,0.8,"BÃ¬nh luáº­n tham chiáº¿u Ä‘áº¿n má»™t ngÆ°á»i hoáº·c xu hÆ°á»›ng khÃ¡c, khÃ´ng cÃ³ Ã½ xÃºc pháº¡m.",128.0
7036376244048577281,7013362152782171419,lanhle2889,ráº£nh rÃªğŸ˜‚ğŸ˜‚ğŸ˜‚,0,1638284017,ráº£nh rÃª,,NOT_HATE_SPEECH,0.8,"BÃ¬nh luáº­n trung láº­p, khÃ´ng cÃ³ Ã½ xÃºc pháº¡m.",128.0
7013610259856196379,7013362152782171419,Tráº» HÃ  ÄÃ´ng ğŸ,Con gÃ¡i vÃ o Ä‘á»c cmt cÆ°á»i nháº¹ láº·ng láº½ rá»i Ä‘iğŸ˜,236,1632983400,con gÃ¡i vÃ o Ä‘á»c cmt cÆ°á»i nháº¹ láº·ng láº½ rá»i Ä‘i,,NOT_HATE_SPEECH,0.8,"BÃ¬nh luáº­n lÃ  má»™t nháº­n xÃ©t hÃ i hÆ°á»›c vá» pháº£n á»©ng cá»§a ngÆ°á»i khÃ¡c, khÃ´ng mang tÃ­nh cÃ´ng kÃ­ch.",128.0
7013634368858669850,7013362152782171419,Tiáº¿n caoğŸ§ğŸµ,kháº©u trang nÃ y virur cx phá»‰ bÃ³ tayğŸ˜‚,64,1632989014,kháº©u trang nÃ y virur cx phá»‰ bÃ³ tay,,NOT_HATE_SPEECH,0.9,"BÃ¬nh luáº­n lÃ  má»™t cÃ¢u nÃ³i hÃ i hÆ°á»›c liÃªn quan Ä‘áº¿n má»™t xu hÆ°á»›ng (meme) sá»­ dá»¥ng bÄƒng vá»‡ sinh nhÆ° kháº©u trang, khÃ´ng cÃ³ Ã½ xÃºc pháº¡m.",128.0
7013975241907438362,7013362152782171419,LÃª Ngá»c KhÃ¡nh Zii âœ¨ğŸ‘¾,j váº­y mÃ¡,36,1633068379,j váº­y mÃ¡,,NOT_HATE_SPEECH,1.0,BÃ¬nh luáº­n lÃ  má»™t thÃ¡n tá»« thá»ƒ hiá»‡n sá»± ngáº¡c nhiÃªn tÃ­ch cá»±c hoáº·c khÃ´ng tiÃªu cá»±c.,128.0
7013609767465992987,7013362152782171419,æ˜é›¨ğŸ‡¯ğŸ‡µ,Cá»§a con gÃ¡i mÃ  ğŸ˜…,62,1632983285,cá»§a con gÃ¡i mÃ ,,NOT_HATE_SPEECH,0.9,"BÃ¬nh luáº­n chá»‰ ra Ä‘á»‘i tÆ°á»£ng sá»­ dá»¥ng sáº£n pháº©m theo hÆ°á»›ng hÃ i hÆ°á»›c, khÃ´ng cÃ³ Ã½ xÃºc pháº¡m.",128.0
7013685291849073435,7013362152782171419,Vanh Ssi,VÃ£i Ã²,5,1633000870,vÃ£i Ã²,,NOT_HATE_SPEECH,1.0,BÃ¬nh luáº­n lÃ  má»™t thÃ¡n tá»« thá»ƒ hiá»‡n sá»± ngáº¡c nhiÃªn tÃ­ch cá»±c hoáº·c khÃ´ng tiÃªu cá»±c.,128.0
7013625483242226459,7013362152782171419,ğ—Ÿğ—¼Ì€ ğ—§ğ—µğ—¶Ì£ ğ—©ğ˜‚ÌƒğŸ§¸,ngá»§ cÅ©ng Ä‘eo kháº©u trang Ã ğŸ˜…ğŸ˜…,7,1632986945,ngá»§ cÅ©ng Ä‘eo kháº©u trang Ã ,,NOT_HATE_SPEECH,0.9,"BÃ¬nh luáº­n lÃ  má»™t cÃ¢u nÃ³i hÃ i hÆ°á»›c liÃªn quan Ä‘áº¿n má»™t xu hÆ°á»›ng (meme) sá»­ dá»¥ng bÄƒng vá»‡ sinh nhÆ° kháº©u trang, khÃ´ng cÃ³ Ã½ xÃºc pháº¡m.",128.0
7013598553360565019,7013362152782171419,leonğŸ’,vip ğŸ˜‚ğŸ˜‚ğŸ˜‚,29,1632980671,vip,,NOT_HATE_SPEECH,1.0,BÃ¬nh luáº­n lÃ  má»™t lá»i khen ngá»£i tÃ­ch cá»±c.,128.0
7013688218033931034,7013362152782171419,Tkl,Con láº¡y cá»¥ ğŸ™ğŸ˜‚,11,1633001548,con láº¡y cá»¥,,NOT_HATE_SPEECH,1.0,BÃ¬nh luáº­n lÃ  má»™t thÃ¡n tá»« thá»ƒ hiá»‡n sá»± ngáº¡c nhiÃªn tÃ­ch cá»±c hoáº·c khÃ´ng tiÃªu cá»±c.,128.0
7013722489621119770,7013362152782171419,Äá»©c Trung Máº¡c,Ä‘ang uá»‘ng nÆ°á»›c cÆ°á»i sáº·cğŸ˜‚ğŸ˜‚,11,1633009529,Ä‘ang uá»‘ng nÆ°á»›c cÆ°á»i sáº·c,,NOT_HATE_SPEECH,0.8,"BÃ¬nh luáº­n mÃ´ táº£ pháº£n á»©ng cÃ¡ nhÃ¢n má»™t cÃ¡ch hÃ i hÆ°á»›c, khÃ´ng cÃ³ Ã½ xÃºc pháº¡m.",128.0
7013625697524728602,7013362152782171419,Duy KhÃ¡nh,kháº©u trang chá»‘ng covid,502,1632986994,kháº©u trang chá»‘ng covid,,NOT_HATE_SPEECH,0.9,"BÃ¬nh luáº­n lÃ  má»™t cÃ¢u nÃ³i hÃ i hÆ°á»›c liÃªn quan Ä‘áº¿n má»™t xu hÆ°á»›ng (meme) sá»­ dá»¥ng bÄƒng vá»‡ sinh nhÆ° kháº©u trang, khÃ´ng cÃ³ Ã½ xÃºc pháº¡m.",128.0
7013604949531886363,7013362152782171419,TÃº Le 2006,cÃ¡ch trá»‹ sá»‘t má»›i Ã  ğŸ˜‚ğŸ˜‚ğŸ˜‚,13,1632982162,cÃ¡ch trá»‹ sá»‘t má»›i Ã ,,NOT_HATE_SPEECH,0.9,"BÃ¬nh luáº­n lÃ  má»™t cÃ¢u nÃ³i hÃ i hÆ°á»›c liÃªn quan Ä‘áº¿n má»™t xu hÆ°á»›ng (meme) sá»­ dá»¥ng bÄƒng vá»‡ sinh nhÆ° kháº©u trang, khÃ´ng cÃ³ Ã½ xÃºc pháº¡m.",128.0
7013753390593983259,7013362152782171419,â—¯,sao k dÃ¹ng miáº¿ng sÃ i rá»“i nÃ³ x2 cÃ´ng dá»¥ng,8,1633016727,sao k dÃ¹ng miáº¿ng sÃ i rá»“i nÃ³ x2 cÃ´ng dá»¥ng,,NOT_HATE_SPEECH,0.8,BÃ¬nh luáº­n mang tÃ­nh cháº¥t hÃ i hÆ°á»›c thÃ´ tá»¥c nhÆ°ng khÃ´ng nháº¯m vÃ o viá»‡c xÃºc pháº¡m cÃ¡ nhÃ¢n hay nhÃ³m xÃ£ há»™i cá»¥ thá»ƒ.,128.0
7013631348393362202,7013362152782171419,bá» thuá»‘c lÃ¡ 100 ngÃ y,nÃ³ giá»ƒu mÃ¬nh pháº£i giÃºp nÃ³ thÃ´i,6,1632988311,nÃ³ giá»ƒu mÃ¬nh pháº£i giÃºp nÃ³ thÃ´i,,NOT_HATE_SPEECH,0.8,"BÃ¬nh luáº­n trung láº­p, khÃ´ng cÃ³ Ã½ xÃºc pháº¡m.",128.0
7013623941319525146,7013362152782171419,idol giá»›i tráº» nghá» phá»¥ bÃ¡c sÄ©,ThÆ¡m ko anh ğŸ˜‚ğŸ˜‚ğŸ˜‚,6,1632986585,thÆ¡m ko anh,,NOT_HATE_SPEECH,0.9,"BÃ¬nh luáº­n lÃ  cÃ¢u há»i liÃªn quan Ä‘áº¿n sáº£n pháº©m trong xu hÆ°á»›ng hÃ i hÆ°á»›c, khÃ´ng cÃ³ Ã½ xÃºc pháº¡m.",128.0
7013538916540105498,7013362152782171419,:(,vaÌƒi ğŸ˜‚ğŸ˜‚ğŸ˜‚ğŸ˜‚,8,1632966788,vai,,NOT_HATE_SPEECH,1.0,BÃ¬nh luáº­n lÃ  má»™t thÃ¡n tá»« thá»ƒ hiá»‡n sá»± ngáº¡c nhiÃªn tÃ­ch cá»±c hoáº·c khÃ´ng tiÃªu cá»±c.,128.0
7013942920500036378,7013362152782171419,Sea,rá»“i xong toang Ä‘á»i than niÃªnğŸ˜‚,10,1633060853,rá»“i xong toang Ä‘á»i than niÃªn,,NOT_HATE_SPEECH,0.8,"BÃ¬nh luáº­n mang tÃ­nh cháº¥t than thá»Ÿ hoáº·c hÃ i hÆ°á»›c, khÃ´ng cÃ³ Ã½ xÃºc pháº¡m.",128.0
7013632436421116698,7013362152782171419,le xuan tho,kháº©u trang loáº¡i má»›i Ã ,7,1632988563,kháº©u trang loáº¡i má»›i Ã ,,NOT_HATE_SPEECH,0.9,"BÃ¬nh luáº­n lÃ  má»™t cÃ¢u nÃ³i hÃ i hÆ°á»›c liÃªn quan Ä‘áº¿n má»™t xu hÆ°á»›ng (meme) sá»­ dá»¥ng bÄƒng vá»‡ sinh nhÆ° kháº©u trang, khÃ´ng cÃ³ Ã½ xÃºc pháº¡m.",128.0
7013737573860983554,7013362152782171419,DÅ©ng,Háº£o Kháº©u Trang :)),8,1633013042,háº£o kháº©u trang :)),,NOT_HATE_SPEECH,0.9,"BÃ¬nh luáº­n lÃ  má»™t cÃ¢u nÃ³i hÃ i hÆ°á»›c liÃªn quan Ä‘áº¿n má»™t xu hÆ°á»›ng (meme) sá»­ dá»¥ng bÄƒng vá»‡ sinh nhÆ° kháº©u trang, khÃ´ng cÃ³ Ã½ xÃºc pháº¡m.",128.0
7013691534126220059,7013362152782171419,Ã‰n cao1m90 (Ê˜á´—Ê˜âœ¿),giá» tÃ´i má»›i biáº¿t lÃ  cÃ¡i Ä‘Ã³ cÃ²n cÃ³ cÃ´ng dá»¥ng háº¡ sá»‘t áº¥y ğŸ˜‚ğŸ˜ğŸ˜³,9,1633002321,giá» tÃ´i má»›i biáº¿t lÃ  cÃ¡i Ä‘Ã³ cÃ²n cÃ³ cÃ´ng dá»¥ng háº¡ sá»‘t áº¥y,,NOT_HATE_SPEECH,0.9,"BÃ¬nh luáº­n lÃ  má»™t cÃ¢u nÃ³i hÃ i hÆ°á»›c liÃªn quan Ä‘áº¿n má»™t xu hÆ°á»›ng (meme) sá»­ dá»¥ng bÄƒng vá»‡ sinh nhÆ° kháº©u trang, khÃ´ng cÃ³ Ã½ xÃºc pháº¡m.",128.0
7013659109396939547,7013362152782171419,...,trÃ¡nh 99â„… virus cÃ´ rÃ´ na ğŸ˜‚,12,1632994776,trÃ¡nh 99 virus cÃ´ rÃ´ na,,NOT_HATE_SPEECH,0.9,"BÃ¬nh luáº­n lÃ  má»™t cÃ¢u nÃ³i hÃ i hÆ°á»›c liÃªn quan Ä‘áº¿n má»™t xu hÆ°á»›ng (meme) sá»­ dá»¥ng bÄƒng vá»‡ sinh nhÆ° kháº©u trang, khÃ´ng cÃ³ Ã½ xÃºc pháº¡m.",128.0
7013669032050328347,7013362152782171419,ğ“·ğ“±ğ“ª ğ“´ğ”‚ ğŸ’Œâ¤ï¸,Báº¡n bÃ¨ tháº¿ Ä‘áº¥y =)),12,1632997085,báº¡n bÃ¨ tháº¿ Ä‘áº¥y =)),,NOT_HATE_SPEECH,0.8,"BÃ¬nh luáº­n lÃ  má»™t nháº­n xÃ©t hÃ i hÆ°á»›c vá» tÃ¬nh báº¡n, khÃ´ng cÃ³ Ã½ xÃºc pháº¡m.",128.0
7013975094653551387,7013362152782171419,Long  â³»á·¼â³º   83  ğŸ‡»ğŸ‡³ğŸ‡°ğŸ‡­,Ä‘c pháº¿t ğŸ˜¦,5,1633068344,Ä‘c pháº¿t,,NOT_HATE_SPEECH,1.0,BÃ¬nh luáº­n lÃ  má»™t lá»i khen ngá»£i tÃ­ch cá»±c.,128.0
7013670666440491802,7013362152782171419,chithuan_1,phÃª khÃ´ng báº¡n ğŸ˜‚ğŸ˜‚ğŸ˜‚,9,1632997464,phÃª khÃ´ng báº¡n,,NOT_HATE_SPEECH,0.9,"BÃ¬nh luáº­n lÃ  má»™t cÃ¢u há»i liÃªn quan Ä‘áº¿n sáº£n pháº©m trong xu hÆ°á»›ng hÃ i hÆ°á»›c, khÃ´ng cÃ³ Ã½ xÃºc pháº¡m.",128.0
7013973607718322970,7013362152782171419,bÆ¡ğŸ¥‘dáº§mğŸ¥‘sá»¯a,kháº©u trang mua á»Ÿ Ã¢u váº­yğŸ˜‚ğŸ˜‚,7,1633067996,kháº©u trang mua á»Ÿ Ã¢u váº­y,,NOT_HATE_SPEECH,0.9,"BÃ¬nh luáº­n lÃ  cÃ¢u há»i liÃªn quan Ä‘áº¿n sáº£n pháº©m trong xu hÆ°á»›ng hÃ i hÆ°á»›c, khÃ´ng cÃ³ Ã½ xÃºc pháº¡m.",128.0
7013979034468188954,7013362152782171419,@LÃŠ HUY,ğŸ˜… cháº¿t r.kiá»u náº§y háº¿t.háº¿t.háº¿t há»“i sih rá»“i.,19,1633069260,cháº¿t r.kiá»u náº§y háº¿t.háº¿t.háº¿t há»“i sih rá»“i.,,NOT_HATE_SPEECH,0.8,"BÃ¬nh luáº­n mang tÃ­nh cháº¥t hÃ i hÆ°á»›c hoáº·c cÆ°á»ng Ä‘iá»‡u, khÃ´ng cÃ³ Ã½ xÃºc pháº¡m.",128.0
7013690061204685595,7013362152782171419,Nguyá»…n Duy TÃ¢n,CÃ¡i thÃ¬ dÃ nh cho nhá»¯ng ng ngá»§ cháº£y nc miáº¿ng. SiÃªu tháº¥mğŸ˜…,8,1633001979,cÃ¡i thÃ¬ dÃ nh cho nhá»¯ng ng ngá»§ cháº£y nc miáº¿ng. siÃªu tháº¥m,,NOT_HATE_SPEECH,0.9,"BÃ¬nh luáº­n lÃ  má»™t cÃ¢u nÃ³i hÃ i hÆ°á»›c liÃªn quan Ä‘áº¿n má»™t xu hÆ°á»›ng (meme) sá»­ dá»¥ng bÄƒng vá»‡ sinh nhÆ° kháº©u trang, khÃ´ng cÃ³ Ã½ xÃºc pháº¡m.",128.0
7013608447883313921,7013362152782171419,HÃ¹ng.ã…¤ã…¤ã…¤â•­â•®ã…¤ã…¤ ã…¤ã…¤ã…¤â”ƒÍœâ”ƒã…¤ã…¤ ã…¤ã…¤ã…¤â”ƒÍœâ”ƒã…¤ã…¤,vÃ£i bvs ğŸ˜‚ğŸ˜‚,15,1632982980,vÃ£i bvs,,NOT_HATE_SPEECH,0.9,"BÃ¬nh luáº­n lÃ  má»™t cÃ¢u nÃ³i hÃ i hÆ°á»›c liÃªn quan Ä‘áº¿n má»™t xu hÆ°á»›ng (meme) sá»­ dá»¥ng bÄƒng vá»‡ sinh nhÆ° kháº©u trang, khÃ´ng cÃ³ Ã½ xÃºc pháº¡m.",128.0
7013966256344695579,7013362152782171419,ğŸ‘‘ MÃ¨o Vn Tv ğŸ€,Kháº©u trang cháº¥t Ä‘áº¥y ğŸ˜‚,14,1633066285,kháº©u trang cháº¥t Ä‘áº¥y,,NOT_HATE_SPEECH,0.9,"BÃ¬nh luáº­n lÃ  má»™t cÃ¢u nÃ³i hÃ i hÆ°á»›c liÃªn quan Ä‘áº¿n má»™t xu hÆ°á»›ng (meme) sá»­ dá»¥ng bÄƒng vá»‡ sinh nhÆ° kháº©u trang, khÃ´ng cÃ³ Ã½ xÃºc pháº¡m.",128.0
7014395952853435162,7013362152782171419,Ly KhÃ¡nh,ÄÃ¢y tháº­t lÃ  má»™t ngÆ°á»i thÆ°Æ¡ng chÃ¡u mÃºn sÃºc Ä‘á»™ng lunğŸ˜‚,604,1633166333,Ä‘Ã¢y tháº­t lÃ  má»™t ngÆ°á»i thÆ°Æ¡ng chÃ¡u mÃºn sÃºc Ä‘á»™ng lun,,NOT_HATE_SPEECH,0.8,"BÃ¬nh luáº­n mang tÃ­nh cháº¥t má»‰a mai hoáº·c cáº£m Ä‘á»™ng, khÃ´ng cÃ³ Ã½ xÃºc pháº¡m.",128.0
7014476555456561947,7013362152782171419,LÆ°Æ¡n thá»‹ xu â¤,kháº©u trang cÃ³ cÃ¡nh ğŸ¤£ğŸ¤£ğŸŒšğŸŒš,5,1633185100,kháº©u trang cÃ³ cÃ¡nh,,NOT_HATE_SPEECH,0.9,"BÃ¬nh luáº­n lÃ  má»™t cÃ¢u nÃ³i hÃ i hÆ°á»›c liÃªn quan Ä‘áº¿n má»™t xu hÆ°á»›ng (meme) sá»­ dá»¥ng bÄƒng vá»‡ sinh nhÆ° kháº©u trang, khÃ´ng cÃ³ Ã½ xÃºc pháº¡m.",128.0
7014083265724793601,7013362152782171419,vuu,Kháº©u trang xá»‹n nhağŸ˜‚,15,1633093528,kháº©u trang xá»‹n nha,,NOT_HATE_SPEECH,0.9,"BÃ¬nh luáº­n lÃ  má»™t cÃ¢u nÃ³i hÃ i hÆ°á»›c liÃªn quan Ä‘áº¿n má»™t xu hÆ°á»›ng (meme) sá»­ dá»¥ng bÄƒng vá»‡ sinh nhÆ° kháº©u trang, khÃ´ng cÃ³ Ã½ xÃºc pháº¡m.",128.0
7013979485444096795,7013362152782171419,ThiÃªnPhÃºcğŸ»,con gÃ¡i sáº½ bt cÃ¡i nÃ y tui con trai cx bt,75,1633069367,con gÃ¡i sáº½ bt cÃ¡i nÃ y tui con trai cx bt,,NOT_HATE_SPEECH,0.9,"BÃ¬nh luáº­n chá»‰ ra Ä‘á»‘i tÆ°á»£ng sá»­ dá»¥ng sáº£n pháº©m theo hÆ°á»›ng hÃ i hÆ°á»›c, khÃ´ng cÃ³ Ã½ xÃºc pháº¡m.",128.0
7014428766915019546,7013362152782171419,HÃ‚N MIO ğŸ˜»,vÃ£i thiá»‡t chá»© ğŸ˜‚,5,1633173971,vÃ£i thiá»‡t chá»©,,NOT_HATE_SPEECH,1.0,BÃ¬nh luáº­n lÃ  má»™t thÃ¡n tá»« thá»ƒ hiá»‡n sá»± ngáº¡c nhiÃªn tÃ­ch cá»±c hoáº·c khÃ´ng tiÃªu cá»±c.,128.0
7014086299829633819,7013362152782171419,ni na,vÃ£i áº¡ğŸ˜³,7,1633094234,vÃ£i áº¡,,NOT_HATE_SPEECH,1.0,BÃ¬nh luáº­n lÃ  má»™t thÃ¡n tá»« thá»ƒ hiá»‡n sá»± ngáº¡c nhiÃªn tÃ­ch cá»±c hoáº·c khÃ´ng tiÃªu cá»±c.,128.0
7033006211704455963,7013362152782171419,soÃ¡i ca hÃ  thÃ nh,Loáº¡i kháº©u trang chá»‘ng covit chá»‘ng trÃ n cÃ³ cÃ¡nhğŸ˜‚,21,1637499383,loáº¡i kháº©u trang chá»‘ng covit chá»‘ng trÃ n cÃ³ cÃ¡nh,,NOT_HATE_SPEECH,0.9,"BÃ¬nh luáº­n lÃ  má»™t cÃ¢u nÃ³i hÃ i hÆ°á»›c liÃªn quan Ä‘áº¿n má»™t xu hÆ°á»›ng (meme) sá»­ dá»¥ng bÄƒng vá»‡ sinh nhÆ° kháº©u trang, khÃ´ng cÃ³ Ã½ xÃºc pháº¡m.",128.0
7014436731919303450,7013362152782171419,tráº§m tÃ­nh Ã­t nÃ³i hay khÃ³c,thiÃªn tháº§n cÃ³ cÃ¡nh ğŸ˜‚,52,1633175825,thiÃªn tháº§n cÃ³ cÃ¡nh,,NOT_HATE_SPEECH,0.9,"BÃ¬nh luáº­n lÃ  má»™t cÃ¢u nÃ³i hÃ i hÆ°á»›c liÃªn quan Ä‘áº¿n má»™t xu hÆ°á»›ng (meme) sá»­ dá»¥ng bÄƒng vá»‡ sinh nhÆ° kháº©u trang, khÃ´ng cÃ³ Ã½ xÃºc pháº¡m.",128.0
7014766506060563227,7013362152782171419,phat71chupapi,cÃ¡i Ä‘Ã£ dÃ¹ng sáº½ cÃ³ giÃ¡ Ä‘áº¯t hÆ¡n cÃ²n ms. Ä‘áº·c biá»‡t 18 - 20ğŸ˜›,40,1633252611,cÃ¡i Ä‘Ã£ dÃ¹ng sáº½ cÃ³ giÃ¡ Ä‘áº¯t hÆ¡n cÃ²n ms. Ä‘áº·c biá»‡t 18 - 20,,HATE_SPEECH,1.0,"BÃ¬nh luáº­n mang tÃ­nh cháº¥t tá»¥c tÄ©u, gá»£i dá»¥c vÃ  coi thÆ°á»ng phá»¥ ná»¯, thá»ƒ hiá»‡n sá»± váº­t hÃ³a vÃ  phÃ¢n biá»‡t Ä‘á»‘i xá»­.",128.0
7014397175140451099,7013362152782171419,Oriana_,cÃ¡i Ä‘Ã³ lÃ  gÃ¬ váº­y,42,1633166616,cÃ¡i Ä‘Ã³ lÃ  gÃ¬ váº­y,,NOT_HATE_SPEECH,0.9,"BÃ¬nh luáº­n lÃ  cÃ¢u há»i liÃªn quan Ä‘áº¿n sáº£n pháº©m trong xu hÆ°á»›ng hÃ i hÆ°á»›c, khÃ´ng cÃ³ Ã½ xÃºc pháº¡m.",128.0
7014377672818623233,7013362152782171419,n nÃ¨,chá»‹ xÃ i rá»“i Ä‘Æ°a cho em ngá»­i,6,1633162077,chá»‹ xÃ i rá»“i Ä‘Æ°a cho em ngá»­i,,HATE_SPEECH,1.0,"BÃ¬nh luáº­n thá»ƒ hiá»‡n Ã½ Ä‘á»“ quáº¥y rá»‘i tÃ¬nh dá»¥c, tá»¥c tÄ©u vÃ  xÃºc pháº¡m náº·ng ná» Ä‘áº¿n pháº©m giÃ¡ ngÆ°á»i khÃ¡c.",128.0
7034513344418005762,7013362152782171419,alo,ko nha nhá» xem chÃº tuna Ã½ğŸ˜‚ğŸ˜‚ğŸ˜‚ğŸ˜‚ğŸ˜‚ğŸ˜‚ğŸ˜‚ğŸ˜‚,28,1637850279,ko nha nhá» xem chÃº tuna Ã½,,NOT_HATE_SPEECH,0.8,"BÃ¬nh luáº­n tham chiáº¿u Ä‘áº¿n má»™t ngÆ°á»i hoáº·c xu hÆ°á»›ng khÃ¡c, khÃ´ng cÃ³ Ã½ xÃºc pháº¡m.",128.0
7014274281274163995,7013362152782171419,Báº£o,Ä‘á»«ng ai vÃ o link nháº¡c khÃ´ng cÃ³ j Ä‘Ã¢u vÃ o lÃ  mÃ¹ máº¯tğŸ˜‚ğŸ˜‚ğŸ˜‚,25,1633138004,Ä‘á»«ng ai vÃ o link nháº¡c khÃ´ng cÃ³ j Ä‘Ã¢u vÃ o lÃ  mÃ¹ máº¯t,,NOT_HATE_SPEECH,0.8,"BÃ¬nh luáº­n lÃ  má»™t lá»i cáº£nh bÃ¡o hoáº·c nháº­n xÃ©t hÃ i hÆ°á»›c vá» ná»™i dung liÃªn quan, khÃ´ng cÃ³ Ã½ xÃºc pháº¡m.",128.0
7014320171548885786,7013362152782171419,Ng Thá»‹ ThÃºy Quá»³nh ğŸŒ·,j tháº¿ nsá»³ğŸ˜Œ,12,1633148689,j tháº¿ nsá»³,,NOT_HATE_SPEECH,1.0,BÃ¬nh luáº­n lÃ  má»™t thÃ¡n tá»« thá»ƒ hiá»‡n sá»± ngáº¡c nhiÃªn tÃ­ch cá»±c hoáº·c khÃ´ng tiÃªu cá»±c.,128.0
7014338485054489370,7013362152782171419,lá»™c ninh'-',quáº§y kháº©u trang cháº¥t lÆ°á»£ng thá»±c sá»±,11,1633152952,quáº§y kháº©u trang cháº¥t lÆ°á»£ng thá»±c sá»±,,NOT_HATE_SPEECH,0.9,"BÃ¬nh luáº­n lÃ  má»™t cÃ¢u nÃ³i hÃ i hÆ°á»›c liÃªn quan Ä‘áº¿n má»™t xu hÆ°á»›ng (meme) sá»­ dá»¥ng bÄƒng vá»‡ sinh nhÆ° kháº©u trang, khÃ´ng cÃ³ Ã½ xÃºc pháº¡m.",128.0
7013740519490601754,7013362152782171419,N D T ğŸ¶,"Miáº¿ng háº¡ sá»‘t 4.0 , nhanh cáº¥p tá»‘c ğŸ˜Œ",16,1633013725,"miáº¿ng háº¡ sá»‘t 4.0 , nhanh cáº¥p tá»‘c",,NOT_HATE_SPEECH,0.9,"BÃ¬nh luáº­n lÃ  má»™t cÃ¢u nÃ³i hÃ i hÆ°á»›c liÃªn quan Ä‘áº¿n má»™t xu hÆ°á»›ng (meme) sá»­ dá»¥ng bÄƒng vá»‡ sinh nhÆ° kháº©u trang, khÃ´ng cÃ³ Ã½ xÃºc pháº¡m.",128.0
7014777262734607130,7013362152782171419,Song Nhi,khoan dá»«ng khoáº£ng chá»«ng lÃ  2sğŸ˜‚,26,1633255114,khoan dá»«ng khoáº£ng chá»«ng lÃ  2s,,NOT_HATE_SPEECH,0.8,"BÃ¬nh luáº­n lÃ  má»™t cá»¥m tá»« thÃ´ng dá»¥ng, khÃ´ng cÃ³ Ã½ xÃºc pháº¡m.",128.0
7014484555453858562,7013362152782171419,tá»› lÃ  vá»‹t suli Ä‘Ã¢y ğŸ¥,Monsieur Tuna Ä‘Ã£ nÃ³i rá»“i dÃ¹ng bÄƒng vá»‡ sinh Ä‘á»ƒ dá»… ngá»§ hÆ¡nğŸ˜‚,11,1633186962,monsieur tuna Ä‘Ã£ nÃ³i rá»“i dÃ¹ng bÄƒng vá»‡ sinh Ä‘á»ƒ dá»… ngá»§ hÆ¡n,,NOT_HATE_SPEECH,0.9,"BÃ¬nh luáº­n lÃ  má»™t cÃ¢u nÃ³i hÃ i hÆ°á»›c liÃªn quan Ä‘áº¿n má»™t xu hÆ°á»›ng (meme) sá»­ dá»¥ng bÄƒng vá»‡ sinh nhÆ° kháº©u trang, khÃ´ng cÃ³ Ã½ xÃºc pháº¡m.",128.0
7014674894218806017,7013362152782171419,vÃ¢n mikenco (tğŸ’),khau trang xin geğŸ˜‚ğŸ˜‚ğŸ¤£,14,1633231282,khau trang xin ge,,NOT_HATE_SPEECH,0.9,"BÃ¬nh luáº­n lÃ  má»™t cÃ¢u nÃ³i hÃ i hÆ°á»›c liÃªn quan Ä‘áº¿n má»™t xu hÆ°á»›ng (meme) sá»­ dá»¥ng bÄƒng vá»‡ sinh nhÆ° kháº©u trang, khÃ´ng cÃ³ Ã½ xÃºc pháº¡m.",128.0
7028101865251013402,7013362152782171419,quocanhh,cá»«i Ä‘á»‹ch giÃ²n tan ğŸ˜‚ğŸ˜‚,9,1636357492,cá»«i Ä‘á»‹ch giÃ²n tan,,NOT_HATE_SPEECH,0.8,"BÃ¬nh luáº­n mÃ´ táº£ pháº£n á»©ng cÃ¡ nhÃ¢n má»™t cÃ¡ch hÃ i hÆ°á»›c, khÃ´ng cÃ³ Ã½ xÃºc pháº¡m.",128.0
7044154904071521025,7013362152782171419,ğŸ‘¤,"cháº¯c sá»‘t cao láº¯m má»›i pháº£i Ä‘áº¯p cÃ¡i Ä‘áº¥y ğŸ˜‚
khá»• thÃ¢n quÃ¡ cÆ¡ğŸ˜‚ğŸ˜‚ğŸ˜ŒğŸ˜Œ",1,1640095126,cháº¯c sá»‘t cao láº¯m má»›i pháº£i Ä‘áº¯p cÃ¡i Ä‘áº¥y khá»• thÃ¢n quÃ¡ cÆ¡,,NOT_HATE_SPEECH,0.9,"BÃ¬nh luáº­n lÃ  má»™t cÃ¢u nÃ³i hÃ i hÆ°á»›c liÃªn quan Ä‘áº¿n má»™t xu hÆ°á»›ng (meme) sá»­ dá»¥ng bÄƒng vá»‡ sinh nhÆ° kháº©u trang, khÃ´ng cÃ³ Ã½ xÃºc pháº¡m.",128.0
7044115443456164610,7013362152782171419,tá»› lÃ  phero,hello ğŸ˜‚ğŸ˜‚ğŸ˜‚ğŸ˜‚,1,1640085941,hello,,NOT_HATE_SPEECH,1.0,BÃ¬nh luáº­n lÃ  má»™t lá»i chÃ o Ä‘Æ¡n thuáº§n.,128.0
7038828501524873985,7013362152782171419,â¤GÆ¡ Hai mÃ¡iğŸ™„,trá»i trá»i ğŸ˜³ğŸ˜³ğŸ˜³,1,1638854984,trá»i trá»i,,NOT_HATE_SPEECH,1.0,BÃ¬nh luáº­n lÃ  má»™t thÃ¡n tá»« thá»ƒ hiá»‡n sá»± ngáº¡c nhiÃªn tÃ­ch cá»±c hoáº·c khÃ´ng tiÃªu cá»±c.,128.0
7044494671330525954,7013362152782171419,É´ÊœÆ°ğŸ’,á»‘i Ä‘á»“i Ã´i ğŸ˜¶,1,1640174237,á»‘i Ä‘á»“i Ã´i,,NOT_HATE_SPEECH,1.0,BÃ¬nh luáº­n lÃ  má»™t thÃ¡n tá»« thá»ƒ hiá»‡n sá»± ngáº¡c nhiÃªn tÃ­ch cá»±c hoáº·c khÃ´ng tiÃªu cá»±c.,128.0
7036635596894946049,7013362152782171419,Ku thÆ°Æ¡ng siÃªu quáº­y ğŸ“,kháº©u trang nháº­t báº£n ğŸ˜‚ğŸ˜‚ğŸ˜‚,2,1638344408,kháº©u trang nháº­t báº£n,,NOT_HATE_SPEECH,0.9,"BÃ¬nh luáº­n lÃ  má»™t cÃ¢u nÃ³i hÃ i hÆ°á»›c liÃªn quan Ä‘áº¿n má»™t xu hÆ°á»›ng (meme) sá»­ dá»¥ng bÄƒng vá»‡ sinh nhÆ° kháº©u trang, khÃ´ng cÃ³ Ã½ xÃºc pháº¡m.",128.0
7044968332218663682,7013362152782171419,HoÃ ng SSS,Bin Ä‘Ã£ xemğŸ˜,1,1640284524,bin Ä‘Ã£ xem,,NOT_HATE_SPEECH,0.8,"BÃ¬nh luáº­n mang tÃ­nh cháº¥t trung láº­p hoáº·c quan sÃ¡t, khÃ´ng cÃ³ Ã½ xÃºc pháº¡m.",128.0
7044809285574476545,7013362152782171419,:)),Æ¯á»›c,1,1640247493,Æ°á»›c,,NOT_HATE_SPEECH,0.8,"BÃ¬nh luáº­n thá»ƒ hiá»‡n mong muá»‘n cÃ¡ nhÃ¢n, khÃ´ng cÃ³ Ã½ xÃºc pháº¡m.",128.0
7045105790096786177,7013362152782171419,Chill,háº£o chá»‹ dÃ¹ng xong cho em ngá»­i,1,1640316528,háº£o chá»‹ dÃ¹ng xong cho em ngá»­i,,HATE_SPEECH,1.0,"BÃ¬nh luáº­n thá»ƒ hiá»‡n Ã½ Ä‘á»“ quáº¥y rá»‘i tÃ¬nh dá»¥c, tá»¥c tÄ©u vÃ  xÃºc pháº¡m náº·ng ná» Ä‘áº¿n pháº©m giÃ¡ ngÆ°á»i khÃ¡c.",128.0
7044813219873047298,7013362152782171419,DÅ©ng DÅ©ng,Ã´i sá»‘t tháº¿ğŸ˜‚ğŸ˜‚ğŸ˜‚,1,1640248405,Ã´i sá»‘t tháº¿,,NOT_HATE_SPEECH,0.9,"BÃ¬nh luáº­n lÃ  má»™t cÃ¢u nÃ³i hÃ i hÆ°á»›c liÃªn quan Ä‘áº¿n má»™t xu hÆ°á»›ng (meme) sá»­ dá»¥ng bÄƒng vá»‡ sinh nhÆ° kháº©u trang, khÃ´ng cÃ³ Ã½ xÃºc pháº¡m.",128.0
7044857025456702210,7013362152782171419,Sen Ä‘Ã¡ kaka,chÆ¡i kÃ¬ váº­y,1,1640258604,chÆ¡i kÃ¬ váº­y,,NOT_HATE_SPEECH,0.8,"BÃ¬nh luáº­n thá»ƒ hiá»‡n sá»± báº¥t ngá» hoáº·c hÃ i hÆ°á»›c vá» má»™t trÃ² Ä‘Ã¹a, khÃ´ng cÃ³ Ã½ xÃºc pháº¡m.",128.0
7036730670701871873,7013362152782171419,diemnguyen9307,trá»i dá»±u,1,1638366540,trá»i dá»±u,,NOT_HATE_SPEECH,1.0,BÃ¬nh luáº­n lÃ  má»™t thÃ¡n tá»« thá»ƒ hiá»‡n sá»± ngáº¡c nhiÃªn tÃ­ch cá»±c hoáº·c khÃ´ng tiÃªu cá»±c.,128.0
7044577439640945410,7013362152782171419,G,nhÆ°ng nÃ³ thÆ¡m dá»… ngá»§ thiá»‡t ğŸ˜…,1,1640193512,nhÆ°ng nÃ³ thÆ¡m dá»… ngá»§ thiá»‡t,,NOT_HATE_SPEECH,0.9,"BÃ¬nh luáº­n lÃ  má»™t cÃ¢u nÃ³i hÃ i hÆ°á»›c liÃªn quan Ä‘áº¿n má»™t xu hÆ°á»›ng (meme) sá»­ dá»¥ng bÄƒng vá»‡ sinh nhÆ° kháº©u trang, khÃ´ng cÃ³ Ã½ xÃºc pháº¡m.",128.0
7044552656467477250,7013362152782171419,Äáº¡t rose,ChÃ o ae ğŸ˜,1,1640187738,chÃ o ae,,NOT_HATE_SPEECH,1.0,BÃ¬nh luáº­n lÃ  má»™t lá»i chÃ o Ä‘Æ¡n thuáº§n.,128.0
7037734262585639681,7013362152782171419,ebe tÃ²yğŸ’”,á»§a BVS ma ğŸ˜‚,0,1638600208,á»§a bvs ma,,NOT_HATE_SPEECH,0.9,"BÃ¬nh luáº­n lÃ  má»™t cÃ¢u nÃ³i hÃ i hÆ°á»›c liÃªn quan Ä‘áº¿n má»™t xu hÆ°á»›ng (meme) sá»­ dá»¥ng bÄƒng vá»‡ sinh nhÆ° kháº©u trang, khÃ´ng cÃ³ Ã½ xÃºc pháº¡m.",128.0
7044831063105012481,7013362152782171419,HoÃ ng QuÃ¢n âœ…,QuÃ¢n Mua ná»—i buá»“n ğŸ˜Š,0,1640252560,quÃ¢n mua ná»—i buá»“n,,NOT_HATE_SPEECH,0.8,"BÃ¬nh luáº­n thá»ƒ hiá»‡n sá»± than thá»Ÿ hoáº·c cáº£m xÃºc cÃ¡ nhÃ¢n, khÃ´ng cÃ³ Ã½ xÃºc pháº¡m.",128.0
7039203154856231682,7013362152782171419,cuong2k9h,heheheheğŸ˜ˆğŸ˜ˆğŸ˜ˆ,0,1638942211,hehehehe,,NOT_HATE_SPEECH,1.0,"BÃ¬nh luáº­n lÃ  tiáº¿ng cÆ°á»i, khÃ´ng cÃ³ Ã½ xÃºc pháº¡m.",128.0
7044119964727067393,7013362152782171419,MÃ¨o Tháº§y Ã´ng ná»™i ğŸŒš,ko nha,0,1640086994,ko nha,,NOT_HATE_SPEECH,0.8,"BÃ¬nh luáº­n thá»ƒ hiá»‡n sá»± khÃ´ng Ä‘á»“ng tÃ¬nh má»™t cÃ¡ch Ä‘Æ¡n giáº£n, khÃ´ng cÃ³ Ã½ xÃºc pháº¡m.",128.0
7042620054013330178,7013362152782171419,Yasuo heheğŸ¥´,kháº©u trang cotex,0,1639737767,kháº©u trang cotex,,NOT_HATE_SPEECH,0.9,"BÃ¬nh luáº­n lÃ  má»™t cÃ¢u nÃ³i hÃ i hÆ°á»›c liÃªn quan Ä‘áº¿n má»™t xu hÆ°á»›ng (meme) sá»­ dá»¥ng bÄƒng vá»‡ sinh nhÆ° kháº©u trang, khÃ´ng cÃ³ Ã½ xÃºc pháº¡m.",128.0
7039939231212503809,7013362152782171419,cÃ³ ny thÃ¬ Ä‘á»•i tÃªn,kháº©u trang má»›i Ã .mua á»Ÿ Ä‘Ã¢u Ä‘áº¥y,0,1639113592,kháº©u trang má»›i Ã .mua á»Ÿ Ä‘Ã¢u Ä‘áº¥y,,NOT_HATE_SPEECH,0.9,"BÃ¬nh luáº­n lÃ  má»™t cÃ¢u nÃ³i hÃ i hÆ°á»›c liÃªn quan Ä‘áº¿n má»™t xu hÆ°á»›ng (meme) sá»­ dá»¥ng bÄƒng vá»‡ sinh nhÆ° kháº©u trang, khÃ´ng cÃ³ Ã½ xÃºc pháº¡m.",128.0
7043403633341530881,7013362152782171419,Minh NgÃ¡o,Cotex che máº·t ğŸ˜‚ğŸ˜‚ğŸ˜‚,0,1639920208,cotex che máº·t,,NOT_HATE_SPEECH,0.9,"BÃ¬nh luáº­n lÃ  má»™t cÃ¢u nÃ³i hÃ i hÆ°á»›c liÃªn quan Ä‘áº¿n má»™t xu hÆ°á»›ng (meme) sá»­ dá»¥ng bÄƒng vá»‡ sinh nhÆ° kháº©u trang, khÃ´ng cÃ³ Ã½ xÃºc pháº¡m.",128.0
7044444577532494594,7013362152782171419,nt,vá»‹t nÃ¨,0,1640162573,vá»‹t nÃ¨,,NOT_HATE_SPEECH,0.8,"BÃ¬nh luáº­n trung láº­p, khÃ´ng cÃ³ Ã½ xÃºc pháº¡m.",128.0
7040423300463919874,7040406003837373698,ÄÃ¡nh GiÃ y,vá»£ tÃ´i Ä‘áº¹p thá»±c sá»±,6698,1639226298,vá»£ tÃ´i Ä‘áº¹p thá»±c sá»±,ğŸ¥€#fyp #foryou #GocLamDep,NOT_HATE_SPEECH,1.0,BÃ¬nh luáº­n lÃ  má»™t lá»i khen ngá»£i tÃ­ch cá»±c.,128.0
7040473836986483457,7040406003837373698,duong,"Äá»«ng khen xinh , thay vÃ o Ä‘Ã³ hÃ£y khen Ä‘áº¹p :))",3924,1639238063,"Ä‘á»«ng khen xinh , thay vÃ o Ä‘Ã³ hÃ£y khen Ä‘áº¹p :))",ğŸ¥€#fyp #foryou #GocLamDep,NOT_HATE_SPEECH,0.9,"BÃ¬nh luáº­n Ä‘Æ°a ra má»™t lá»i khuyÃªn vá» cÃ¡ch khen ngá»£i, khÃ´ng cÃ³ Ã½ xÃºc pháº¡m.",128.0
7040432551160595201,7040406003837373698,Trang giáº¥y ğŸ“„,:)) xuáº¥t sáº¯c,3584,1639228451,:)) xuáº¥t sáº¯c,ğŸ¥€#fyp #foryou #GocLamDep,NOT_HATE_SPEECH,1.0,BÃ¬nh luáº­n lÃ  má»™t lá»i khen ngá»£i tÃ­ch cá»±c.,128.0
7040532466511217409,7040406003837373698,Abeentoichoi,KhÃ´ng á»•n rá»“iğŸ˜³,401,1639251719,khÃ´ng á»•n rá»“i,ğŸ¥€#fyp #foryou #GocLamDep,NOT_HATE_SPEECH,0.8,"BÃ¬nh luáº­n lÃ  má»™t nháº­n xÃ©t mang tÃ­nh biá»ƒu cáº£m, khÃ´ng cÃ³ Ã½ xÃºc pháº¡m.",128.0
7041370540476465921,7040406003837373698,quynhanh,kiáº¿p nÃ y lÃ m con gÃ¡i uá»•ng ghÃª bao nhiÃªu gÃ¡i Ä‘áº¹p Ä‘ang chá»,136,1639446849,kiáº¿p nÃ y lÃ m con gÃ¡i uá»•ng ghÃª bao nhiÃªu gÃ¡i Ä‘áº¹p Ä‘ang chá»,ğŸ¥€#fyp #foryou #GocLamDep,NOT_HATE_SPEECH,0.75,"BÃ¬nh luáº­n cÃ³ thá»ƒ Ä‘Æ°á»£c hiá»ƒu lÃ  má»™t lá»i than thá»Ÿ hoáº·c Ä‘Ã¹a cá»£t tá»± ti vá» báº£n thÃ¢n hoáº·c má»™t nháº­n xÃ©t chung chung, khÃ´ng cÃ³ Ã½ xÃºc pháº¡m cá»¥ thá»ƒ Ä‘áº¿n cÃ¡ nhÃ¢n hay nhÃ³m xÃ£ há»™i khÃ¡c.",128.0
7044770711470277377,7040406003837373698,ğ•ğ²ğ‘ğ¨ğ¬ğšğŸ™ï¸ğŸ¦‹,BÃ© chá»¥p app nÃ o nhÃ¬n tá»± nhiÃªn quÃ¡ chá»‰ giÃºp chá»‹ Ä‘Æ°á»£c khÃ´ng? ğŸ˜,31,1640238509,bÃ© chá»¥p app nÃ o nhÃ¬n tá»± nhiÃªn quÃ¡ chá»‰ giÃºp chá»‹ Ä‘Æ°á»£c khÃ´ng?,ğŸ¥€#fyp #foryou #GocLamDep,NOT_HATE_SPEECH,1.0,"BÃ¬nh luáº­n lÃ  má»™t cÃ¢u há»i yÃªu cáº§u thÃ´ng tin, khÃ´ng cÃ³ Ã½ xÃºc pháº¡m.",128.0
7040643133712892674,7040406003837373698,Chiáº¿n Tá»•ng ğŸŒŠ,NÆ°á»›c mÅ©i cháº£y tá»« bao giá» Ä‘áº¥y nhá»‰ ğŸ˜³ğŸ˜³,656,1639277484,nÆ°á»›c mÅ©i cháº£y tá»« bao giá» Ä‘áº¥y nhá»‰,ğŸ¥€#fyp #foryou #GocLamDep,NOT_HATE_SPEECH,0.8,"BÃ¬nh luáº­n mang tÃ­nh cháº¥t hÃ i hÆ°á»›c hoáº·c cÆ°á»ng Ä‘iá»‡u hÃ³a cáº£m xÃºc, khÃ´ng cÃ³ Ã½ xÃºc pháº¡m.",128.0
7040408660320912129,7040406003837373698,KÃªnh FC Online,Con 13 pro max 256 gb cá»§a mÃ¬nh bá»‹ má» hay sao áº¥y Ä‘oáº¡n Ä‘áº§u nhÃ¬n cháº£ rÃµ gÃ¬ ğŸ¥º,136,1639222887,con 13 pro max 256 gb cá»§a mÃ¬nh bá»‹ má» hay sao áº¥y Ä‘oáº¡n Ä‘áº§u nhÃ¬n cháº£ rÃµ gÃ¬,ğŸ¥€#fyp #foryou #GocLamDep,NOT_HATE_SPEECH,0.8,"BÃ¬nh luáº­n mang tÃ­nh cháº¥t hÃ i hÆ°á»›c tá»± ti vá» cháº¥t lÆ°á»£ng video hoáº·c thiáº¿t bá»‹, khÃ´ng cÃ³ Ã½ xÃºc pháº¡m.",128.0
7040407218638488321,7040406003837373698,greyy935,ÄÄƒng 2 video 1 lÃºc rá»“i kÃ¬a emğŸ˜³,637,1639222554,Ä‘Äƒng 2 video 1 lÃºc rá»“i kÃ¬a em,ğŸ¥€#fyp #foryou #GocLamDep,NOT_HATE_SPEECH,0.8,"BÃ¬nh luáº­n lÃ  má»™t nháº­n xÃ©t vá» hÃ nh Ä‘á»™ng Ä‘Äƒng bÃ i, khÃ´ng cÃ³ Ã½ xÃºc pháº¡m.",128.0
7040452103055835905,7040406003837373698,Mee nÃ¨,Xinh vÃ£i Ä‘áº¡nnnn,1213,1639233004,xinh vÃ£i Ä‘áº¡nnnn,ğŸ¥€#fyp #foryou #GocLamDep,NOT_HATE_SPEECH,1.0,BÃ¬nh luáº­n lÃ  má»™t lá»i khen ngá»£i tÃ­ch cá»±c.,128.0
7040639839821890306,7040406003837373698,Phan Thá»‹ Quá»³nh VÃ¢n,Xinh xá»‰u ğŸ¥º,43,1639276723,xinh xá»‰u,ğŸ¥€#fyp #foryou #GocLamDep,NOT_HATE_SPEECH,1.0,BÃ¬nh luáº­n lÃ  má»™t lá»i khen ngá»£i tÃ­ch cá»±c.,128.0
7040653603182723842,7040406003837373698,Hiáº¿u Shyn,omeli lun,803,1639279925,omeli lun,ğŸ¥€#fyp #foryou #GocLamDep,NOT_HATE_SPEECH,0.8,"BÃ¬nh luáº­n lÃ  má»™t biá»ƒu cáº£m cáº£m thÃ¡n, khÃ´ng cÃ³ Ã½ xÃºc pháº¡m.",128.0
7040602322506302209,7040406003837373698,dusk,á» chá»i Æ¡iiiii xinhhh quÃ¡a <3,61,1639267994,á» chá»i Æ¡iiiii xinhhh quÃ¡a <3,ğŸ¥€#fyp #foryou #GocLamDep,NOT_HATE_SPEECH,1.0,BÃ¬nh luáº­n lÃ  má»™t lá»i khen ngá»£i tÃ­ch cá»±c.,128.0
