comment_id,video_id,username,comment_text,clean_text,digg_count,create_time,video_context,llm_hate_speech,llm_confidence,llm_justification
7554752488202519316,7554405286115544328,Kiá»u HÃ¹ng VÄƒn,Ã´ng khÃ´ng nÃ³i ra thÃ¬ biáº¿t lÃ m sao Ä‘Æ°á»£c,Ã´ng khÃ´ng nÃ³i ra thÃ¬ biáº¿t lÃ m sao Ä‘Æ°á»£c,0,1758977893,phong thá»§y dÃ¢n gian#xuhuong#xuhuongvideo #videothinhhanh #viraltiktok,NOT_HATE_SPEECH,1.0,"The comment expresses a lack of understanding or information, not an insult or attack."
7559443074025456392,7554405286115544328,hiÃªu thÃ´ng,cÃ²n hai Ä‘iá»u ná»¯a.sao Ã´ng k nÃ³i vhÄƒt Ä‘á»ƒ Ã´ng Ä‘i Ä‘Ãªm theo luÃ´n pháº£i k cáº£ nhÃ ,cÃ²n hai Ä‘iá»u ná»¯a.sao Ã´ng k nÃ³i vhÄƒt Ä‘á»ƒ Ã´ng Ä‘i Ä‘Ãªm theo luÃ´n pháº£i k cáº£ nhÃ ,0,1760070005,phong thá»§y dÃ¢n gian#xuhuong#xuhuongvideo #videothinhhanh #viraltiktok,NOT_HATE_SPEECH,0.9,"The comment is critical and questioning, implying the speaker is withholding information for personal gain ('Ä‘i Ä‘Ãªm'), but it doesn't rise to the level of hate speech (insult, degradation, or attack)."
7556060362086761223,7554405286115544328,QuÃ¡ch Thá»‹ Lá»‡,Ã´ng chÃ­nh nÆ¡i hoÃ i hai Ä‘iá»u mÃ  khÃ´ng nÃ³i biáº¿t Ä‘Ã¢u mÃ  sá»­a,Ã´ng chÃ­nh nÆ¡i hoÃ i hai Ä‘iá»u mÃ  khÃ´ng nÃ³i biáº¿t Ä‘Ã¢u mÃ  sá»­a,0,1759282416,phong thá»§y dÃ¢n gian#xuhuong#xuhuongvideo #videothinhhanh #viraltiktok,NOT_HATE_SPEECH,1.0,"The comment expresses a complaint about incomplete information, not an insult or attack."
7555896486765118215,7554405286115544328,Thanh ChÃ¢u,"NAM MO A DI DA PHáº¬T
Cáº¦U CHÃšC Ã”NG NHIá»€U Sá»¨C KHá»ŽE BÃŒNH AN Cáº¢M Æ N Ã”NG A DI DA PHáº¬T",nam mo a di da pháº­t cáº§u chÃºc Ã´ng nhiá»u sá»©c khá»e bÃ¬nh an cáº£m Æ¡n Ã´ng a di da pháº­t,0,1759244318,phong thá»§y dÃ¢n gian#xuhuong#xuhuongvideo #videothinhhanh #viraltiktok,NOT_HATE_SPEECH,1.0,"The comment is a blessing and an expression of gratitude, which is positive."
7555009167304639250,7554405286115544328,Nguyá»…n Thá»§y,Chá»§ yáº¿u cáº§n lÃ  trÃ¡i tim mÃ u Ä‘á» ...,chá»§ yáº¿u cáº§n lÃ  trÃ¡i tim mÃ u Ä‘á» ...,0,1759037652,phong thá»§y dÃ¢n gian#xuhuong#xuhuongvideo #videothinhhanh #viraltiktok,NOT_HATE_SPEECH,1.0,The comment is a neutral observation or personal opinion.
7555793704188625684,7554405286115544328,MUNA MI,hai Ä‘iá»u gÃ¬ Ã´ng giÃ  noel,hai Ä‘iá»u gÃ¬ Ã´ng giÃ  noel,0,1759220320,phong thá»§y dÃ¢n gian#xuhuong#xuhuongvideo #videothinhhanh #viraltiktok,NOT_HATE_SPEECH,1.0,"The comment is a question seeking clarification, not an insult or attack."
7556282342768673557,7554405286115544328,Nguyá»…n Kim CÃºc,lom,lom,0,1759334089,phong thá»§y dÃ¢n gian#xuhuong#xuhuongvideo #videothinhhanh #viraltiktok,HATE_SPEECH,0.9,"The term 'lom' (likely 'lá»m' in Vietnamese) is slang for something of poor quality, fake, or unimpressive. In this context, it degrades the content or the person presenting it."
7554924133428183826,7554405286115544328,Má»¹_Loan,kg noi gi sao biet,kg noi gi sao biet,0,1759017863,phong thá»§y dÃ¢n gian#xuhuong#xuhuongvideo #videothinhhanh #viraltiktok,NOT_HATE_SPEECH,1.0,"The comment expresses a lack of understanding or information, not an insult or attack."
7554928006449890055,7554405286115544328,Äá»— Hoa,Cháº³ng tháº¥y Ã´ng báº©y nÃ³i gÃ¬ háº¿t,cháº³ng tháº¥y Ã´ng báº©y nÃ³i gÃ¬ háº¿t,0,1759018776,phong thá»§y dÃ¢n gian#xuhuong#xuhuongvideo #videothinhhanh #viraltiktok,NOT_HATE_SPEECH,1.0,"The comment expresses a complaint about incomplete information, not an insult or attack."
7555052927766561554,7554405286115544328,xunphan856,sao Ã´ ko nÃ³i 2 Ä‘iá»u gÃ¬ nhá»Ÿ,sao Ã´ ko nÃ³i 2 Ä‘iá»u gÃ¬ nhá»Ÿ,0,1759047847,phong thá»§y dÃ¢n gian#xuhuong#xuhuongvideo #videothinhhanh #viraltiktok,NOT_HATE_SPEECH,1.0,"The comment is a question seeking clarification, not an insult or attack."
7554940600055841556,7554405286115544328,ChÆ°Æ¡ng Huá»³nh,Ä‘á»ƒ thau nÆ°á»›c bÃªn cáº¡nh phÃ²ng chÃ¡y,Ä‘á»ƒ thau nÆ°á»›c bÃªn cáº¡nh phÃ²ng chÃ¡y,0,1759021877,phong thá»§y dÃ¢n gian#xuhuong#xuhuongvideo #videothinhhanh #viraltiktok,NOT_HATE_SPEECH,1.0,"The comment is a suggestion related to the video content, not an insult or attack."
7554950423716315911,7554405286115544328,vanvan,khÃ´ng nÃ³i sao biáº¿t,khÃ´ng nÃ³i sao biáº¿t,0,1759023982,phong thá»§y dÃ¢n gian#xuhuong#xuhuongvideo #videothinhhanh #viraltiktok,NOT_HATE_SPEECH,1.0,"The comment expresses a lack of understanding or information, not an insult or attack."
7555990436814422802,7554405286115544328,Thu phuong,Biáº¿t Æ¡n Ã´ng,biáº¿t Æ¡n Ã´ng,0,1759266141,phong thá»§y dÃ¢n gian#xuhuong#xuhuongvideo #videothinhhanh #viraltiktok,NOT_HATE_SPEECH,1.0,"The comment expresses gratitude, which is positive."
7556410672607773461,7554405286115544328,phan huong,thÃ´i má»‡t quÃ¡ Ã´ng Æ¡i,thÃ´i má»‡t quÃ¡ Ã´ng Æ¡i,0,1759363976,phong thá»§y dÃ¢n gian#xuhuong#xuhuongvideo #videothinhhanh #viraltiktok,NOT_HATE_SPEECH,1.0,"The comment expresses exasperation or tiredness, not an insult or attack."
7555887649777976071,7554405286115544328,Thá»‹nh Nguyá»…n,2 Äáº·c Äiá»ƒm GÃ¬ Háº£,2 Ä‘áº·c Ä‘iá»ƒm gÃ¬ háº£,0,1759242189,phong thá»§y dÃ¢n gian#xuhuong#xuhuongvideo #videothinhhanh #viraltiktok,NOT_HATE_SPEECH,1.0,"The comment is a question seeking clarification, not an insult or attack."
7554985520163701511,7554405286115544328,Huá»‡ Nguyá»…n,ko nÃ³i ra sao biáº¿t sá»¯a,ko nÃ³i ra sao biáº¿t sá»¯a,0,1759032151,phong thá»§y dÃ¢n gian#xuhuong#xuhuongvideo #videothinhhanh #viraltiktok,NOT_HATE_SPEECH,1.0,"The comment expresses a lack of understanding or information needed for action, not an insult or attack."
7560902033814897428,7554405286115544328,Tran Hang,dá»©a lÃ  cÃ³ Ä‘iá»u gÃ¬ Ã´ng nÃ³ rá»a Ä‘i,dá»©a lÃ  cÃ³ Ä‘iá»u gÃ¬ Ã´ng nÃ³ rá»a Ä‘i,0,1760409700,phong thá»§y dÃ¢n gian#xuhuong#xuhuongvideo #videothinhhanh #viraltiktok,NOT_HATE_SPEECH,0.9,"The comment asks for clarification on a specific detail ('dá»©a lÃ  cÃ³ Ä‘iá»u gÃ¬ Ã´ng nÃ³ rá»a Ä‘i' - what's the pineapple thing you mentioned?), which is not hate speech."
7555031953477993236,7554405286115544328,lÃª tháº¿ trÃ­ -,O nÃ³i cÃ¡ch gÃ¬ thÃ¬ cÃ³ nÃ³i cÅ©ng vÃ´ Ã­ch,o nÃ³i cÃ¡ch gÃ¬ thÃ¬ cÃ³ nÃ³i cÅ©ng vÃ´ Ã­ch,0,1759043095,phong thá»§y dÃ¢n gian#xuhuong#xuhuongvideo #videothinhhanh #viraltiktok,NOT_HATE_SPEECH,1.0,"The comment expresses a critical opinion about the effectiveness of the advice without specific methods, not an insult or attack."
7555896527907865362,7554405286115544328,Pháº¡m Thu,vÃ¬ ko biáº¿t,vÃ¬ ko biáº¿t,0,1759244259,phong thá»§y dÃ¢n gian#xuhuong#xuhuongvideo #videothinhhanh #viraltiktok,NOT_HATE_SPEECH,1.0,"The comment is a short, neutral statement explaining a lack of knowledge."
7554992466412176146,7554405286115544328,Nguyá»…n Háº­n,hk noi sao ma bjt troi,hk noi sao ma bjt troi,0,1759033764,phong thá»§y dÃ¢n gian#xuhuong#xuhuongvideo #videothinhhanh #viraltiktok,NOT_HATE_SPEECH,1.0,"The comment expresses a lack of understanding or information, not an insult or attack."
7554696853843362567,7554405286115544328,dienpham5226,nÃ³i chung chung khÃ´ng hiá»ƒu gÃ¬ háº¿t,nÃ³i chung chung khÃ´ng hiá»ƒu gÃ¬ háº¿t,0,1758964942,phong thá»§y dÃ¢n gian#xuhuong#xuhuongvideo #videothinhhanh #viraltiktok,NOT_HATE_SPEECH,1.0,"The comment expresses a lack of understanding, not an insult or attack."
7555899229902799634,7554405286115544328,Ãnh Tráº§n,sao ko nÃ³i ra váº­y,sao ko nÃ³i ra váº­y,0,1759244885,phong thá»§y dÃ¢n gian#xuhuong#xuhuongvideo #videothinhhanh #viraltiktok,NOT_HATE_SPEECH,1.0,"The comment is a question seeking clarification, not an insult or attack."
7554990948535812871,7554405286115544328,gáº¥m tráº§n,ráº¥t hay Ã´ng Æ¡i,ráº¥t hay Ã´ng Æ¡i,0,1759033413,phong thá»§y dÃ¢n gian#xuhuong#xuhuongvideo #videothinhhanh #viraltiktok,NOT_HATE_SPEECH,1.0,"The comment expresses appreciation ('ráº¥t hay'), which is positive."
7555040278739026696,7554405286115544328,Loan Nguyen,CÃ³ nÃ³i gi Ä‘Ã¢u Ã´ng ná»™i,cÃ³ nÃ³i gi Ä‘Ã¢u Ã´ng ná»™i,0,1759044898,phong thá»§y dÃ¢n gian#xuhuong#xuhuongvideo #videothinhhanh #viraltiktok,NOT_HATE_SPEECH,0.9,"The comment is a mild complaint ('cÃ³ nÃ³i gi Ä‘Ã¢u Ã´ng ná»™i') about the lack of information. 'Ã”ng ná»™i' can be used colloquially to refer to an elder, sometimes with a familiar/slightly disrespectful tone when complaining, but it's not a strong insult or attack."
7555901875486573328,7554405286115544328,Dieu,cáº£m Æ¡n Ã´ng,cáº£m Æ¡n Ã´ng,0,1759245514,phong thá»§y dÃ¢n gian#xuhuong#xuhuongvideo #videothinhhanh #viraltiktok,NOT_HATE_SPEECH,1.0,"The comment expresses gratitude, which is positive."
7555034380823003912,7554405286115544328,minh vo,tao quÃ¡ ai mÃ  á»§ng há»™,tao quÃ¡ ai mÃ  á»§ng há»™,0,1759043525,phong thá»§y dÃ¢n gian#xuhuong#xuhuongvideo #videothinhhanh #viraltiktok,NOT_HATE_SPEECH,0.8,"The phrase 'tao quÃ¡ ai mÃ  á»§ng há»™' is somewhat ambiguous but seems to express frustration or self-deprecating humor (e.g., 'I'm too much, who would support me?'), rather than a direct insult or attack on others."
7554950625898201864,7554405286115544328,diá»‡u hiá»n,nam mÃ´ a Di ÄÃ  Pháº­t cáº£m Æ¡n Ã´ng 9 nhe ðŸ¤ŸðŸ¥°ðŸ¥°ðŸ¥°ðŸ¥°â¤ï¸â¤ï¸â¤ï¸â¤ï¸â¤ï¸â¤,nam mÃ´ a di Ä‘Ã  pháº­t cáº£m Æ¡n Ã´ng 9 nhe,0,1759024027,phong thá»§y dÃ¢n gian#xuhuong#xuhuongvideo #videothinhhanh #viraltiktok,NOT_HATE_SPEECH,1.0,"The comment is a religious greeting and an expression of gratitude, which is positive."
7556874294359081746,7554405286115544328,Sam Shop gia dá»¥ng,Ã´ng nÃ³i Ä‘Ãºng quÃ¡,Ã´ng nÃ³i Ä‘Ãºng quÃ¡,0,1759471914,phong thá»§y dÃ¢n gian#xuhuong#xuhuongvideo #videothinhhanh #viraltiktok,NOT_HATE_SPEECH,1.0,"The comment expresses agreement and affirmation ('Ã´ng nÃ³i Ä‘Ãºng quÃ¡'), which is positive."
7555874757271978760,7554405286115544328,Nguyá»…n Thá»‹ Kim CÆ°Æ¡ng,"Ã´ng Æ¡i cho con xin via , Ã´ng chá»‰ chá»— con vá»›i Ã´ng chÃ­nh áº¡","Ã´ng Æ¡i cho con xin via , Ã´ng chá»‰ chá»— con vá»›i Ã´ng chÃ­nh áº¡",0,1759239188,phong thá»§y dÃ¢n gian#xuhuong#xuhuongvideo #videothinhhanh #viraltiktok,NOT_HATE_SPEECH,1.0,"The comment is a request for guidance or good fortune ('xin via'), which is neutral/positive."
7555096762499777288,7554405286115544328,duy,Ã”ng chÃ­n nÃ³i nhiá»u quÃ¡ nÃªn háº¿t giá»,Ã´ng chÃ­n nÃ³i nhiá»u quÃ¡ nÃªn háº¿t giá»,0,1759058047,phong thá»§y dÃ¢n gian#xuhuong#xuhuongvideo #videothinhhanh #viraltiktok,NOT_HATE_SPEECH,1.0,"The comment expresses a critical opinion about the speaker's lengthy discourse, not an insult or attack."
7555052500429751058,7554405286115544328,tuannguyen984,ong chinh sao quan,ong chinh sao quan,0,1759047745,phong thá»§y dÃ¢n gian#xuhuong#xuhuongvideo #videothinhhanh #viraltiktok,NOT_HATE_SPEECH,0.8,"The comment 'ong chinh sao quan' is unclear due to a potential typo, but even with interpretations like 'how to manage' or 'what shop', it does not constitute hate speech."
7555869802440409864,7554405286115544328,TrÃ¢n thÃ nh Ä‘Ã´,sao qua Ä‘á»ƒ an lay,sao qua Ä‘á»ƒ an lay,0,1759238037,phong thá»§y dÃ¢n gian#xuhuong#xuhuongvideo #videothinhhanh #viraltiktok,NOT_HATE_SPEECH,0.8,"The comment 'sao qua Ä‘á»ƒ an lay' is unclear and likely a typo, but it does not contain any discernible insults or attacks."
7554726529092764423,7554405286115544328,Há»£t VÃµ,Ã´ng nÃ³i gÃ¬ khÃ´ng hiá»ƒu,Ã´ng nÃ³i gÃ¬ khÃ´ng hiá»ƒu,0,1758971847,phong thá»§y dÃ¢n gian#xuhuong#xuhuongvideo #videothinhhanh #viraltiktok,NOT_HATE_SPEECH,1.0,"The comment expresses a lack of understanding, not an insult or attack."
7555051578827850504,7554405286115544328,Sad..,"báº¥m lai ,tim mÃ  k nÃ³i cÃ¡ch sá»­a lá»«a","báº¥m lai ,tim mÃ  k nÃ³i cÃ¡ch sá»­a lá»«a",0,1759047530,phong thá»§y dÃ¢n gian#xuhuong#xuhuongvideo #videothinhhanh #viraltiktok,HATE_SPEECH,0.9,The comment accuses the creator of 'lá»«a' (deceiving/tricking) by asking for likes and hearts without providing actual solutions. This is an attack on the creator's integrity.
7554939331094676232,7554405286115544328,user6100186909800,Ã” ko nÃ³i sao biáº¿t Ä‘c Ã´ Æ¡i,Ã´ ko nÃ³i sao biáº¿t Ä‘c Ã´ Æ¡i,0,1759021401,phong thá»§y dÃ¢n gian#xuhuong#xuhuongvideo #videothinhhanh #viraltiktok,NOT_HATE_SPEECH,1.0,"The comment expresses a lack of understanding or information, not an insult or attack."
7560364301450478353,7554405286115544328,Nguyá»…n Äá»–,Ã´ng khÃ´ng báº£o thÃ¬ biáº¿t cÃ¡i gÃ¬ váº­y,Ã´ng khÃ´ng báº£o thÃ¬ biáº¿t cÃ¡i gÃ¬ váº­y,0,1760284495,phong thá»§y dÃ¢n gian#xuhuong#xuhuongvideo #videothinhhanh #viraltiktok,NOT_HATE_SPEECH,1.0,"The comment expresses a lack of understanding or information, not an insult or attack."
7554544613114462994,7554405286115544328,nhung  kim,cÃ³ nÃ³i máº¹o Ä‘Ã¢u,cÃ³ nÃ³i máº¹o Ä‘Ã¢u,0,1758929500,phong thá»§y dÃ¢n gian#xuhuong#xuhuongvideo #videothinhhanh #viraltiktok,NOT_HATE_SPEECH,1.0,"The comment expresses a complaint about missing advice, not an insult or attack."
7555015835837596433,7554405286115544328,ThÆ¡ Pháº¡m,chÆ°a nÃ³i mÃ  cá»© kÃªu báº¥m cÃ¢u lai thÃ¬ cÃ³,chÆ°a nÃ³i mÃ  cá»© kÃªu báº¥m cÃ¢u lai thÃ¬ cÃ³,0,1759039213,phong thá»§y dÃ¢n gian#xuhuong#xuhuongvideo #videothinhhanh #viraltiktok,HATE_SPEECH,0.9,The comment accuses the creator of 'cÃ¢u lai' (fishing for likes) without providing valuable content. This is an attack on the creator's intent and integrity.
7554946911318262545,7554405286115544328,VÄƒn Tháº£o Äá»—,ong gia t Ã”ng giÃ  tao,ong gia t Ã´ng giÃ  tao,0,1759023172,phong thá»§y dÃ¢n gian#xuhuong#xuhuongvideo #videothinhhanh #viraltiktok,HATE_SPEECH,0.9,"The phrase 'ong gia t Ã´ng giÃ  tao' (my old man) used in this context, especially with the repetition and casual tone, is a derogatory and disrespectful way to refer to an elderly person featured in the video."
7556623243261068040,7554405286115544328,Há»“ Nguyá»…n,hay láº¯m Ã´ng Æ¡i,hay láº¯m Ã´ng Æ¡i,0,1759413459,phong thá»§y dÃ¢n gian#xuhuong#xuhuongvideo #videothinhhanh #viraltiktok,NOT_HATE_SPEECH,1.0,"The comment expresses positive sentiment ('hay láº¯m'), which is positive."
7554762939662009106,7554405286115544328,Nguyá»…n LÃ½,â¸9biet gÃ¬ mÃ  nÃ³i,9biet gÃ¬ mÃ  nÃ³i,0,1758980328,phong thá»§y dÃ¢n gian#xuhuong#xuhuongvideo #videothinhhanh #viraltiktok,HATE_SPEECH,0.9,"The phrase '9biet gÃ¬ mÃ  nÃ³i' ('What do you know to speak?') is dismissive and questions the speaker's knowledge and authority, constituting degradation."
7556014884677894919,7554405286115544328,Tráº§n ThÃºy,cÃ¢u láº¡i chá»© chá»‰ gÃ¬ Ä‘Ã¢u,cÃ¢u láº¡i chá»© chá»‰ gÃ¬ Ä‘Ã¢u,0,1759271833,phong thá»§y dÃ¢n gian#xuhuong#xuhuongvideo #videothinhhanh #viraltiktok,HATE_SPEECH,0.9,"The comment accuses the creator of 'cÃ¢u láº¡i' (fishing for likes) rather than providing genuine advice, which attacks their credibility and intent."
7555716979937084178,7554408119854468359,huynh khanh an.,chÃ¡y tá»« anh Ä‘á»• xÄƒngðŸ¥°,chÃ¡y tá»« anh Ä‘á»• xÄƒng,55,1759202454,,NOT_HATE_SPEECH,1.0,"The comment is a descriptive statement about a situation, not an insult or attack."
7563898707709788935,7554408119854468359,SÃ³cðŸ¼,tim há»™ vid tá»› aaðŸ¥º,tim há»™ vid tá»› aa,0,1761107414,,NOT_HATE_SPEECH,1.0,"The comment is a request for engagement, not an insult or attack."
7563182433404273426,7554408119854468359,BÃ© Táº¡oâœˆï¸,VippðŸ˜³,vipp,0,1760940643,,NOT_HATE_SPEECH,1.0,"The comment is a positive affirmation ('vipp'), not an insult or attack."
7554412703449334529,7554408119854468359,xubaxii,y dáº¡y nhaaaaðŸ¥°ðŸ¥°ðŸ¥°,y dáº¡y nhaaaa,1,1758898778,,NOT_HATE_SPEECH,1.0,"The comment appears to be an affirmation or agreement, not an insult or attack."
7555547354099663637,7554408119854468359,Ngá»c Tuyá»nðŸ’™,TÆ°á»Ÿng tÆ°á»£ng cÃ¡i cáº£nh 1chá»i20 hÆ¡i nhá»©t ngÆ°á»iðŸ¥µ,tÆ°á»Ÿng tÆ°á»£ng cÃ¡i cáº£nh 1chá»i20 hÆ¡i nhá»©t ngÆ°á»i,1,1759162958,,NOT_HATE_SPEECH,1.0,"The comment describes a hypothetical scenario and personal feeling ('nhá»©t ngÆ°á»i' - painful/achey), not an insult or attack."
7556987984500851464,7554408119854468359,trai ngoan nháº¥t Miá»n Trung ðŸ§,sao t cx ngoan hiá»n mÃ  ai cx Ä‘á»“n lÃ  jet z,sao t cx ngoan hiá»n mÃ  ai cx Ä‘á»“n lÃ  jet z,0,1759498386,,NOT_HATE_SPEECH,1.0,"The comment is a personal reflection or playful complaint about reputation, not an insult or attack directed at others."
7555755844790043399,7554408119854468359,...,giá»¡n hoii,giá»¡n hoii,0,1759211503,,NOT_HATE_SPEECH,1.0,"The comment is a short, neutral statement ('giá»¡n hoii' - just kidding)."
7554550573027345170,7554408119854468359,ngon thÃ­,há»™ mik vs ðŸ¥°,há»™ mik vs,0,1758930887,,NOT_HATE_SPEECH,1.0,"The comment is a request for help or support ('há»™ mik vs'), not an insult or attack."
7555870670513832711,7554408119854468359,anh thu,dá»¡n dá»¡n kkk,dá»¡n dá»¡n kkk,0,1759238238,,NOT_HATE_SPEECH,1.0,"The comment is a playful statement ('dá»¡n dá»¡n kkk' - kidding, lol), not an insult or attack."
7554414686608556801,7554408119854468359,ba hung,five five,five five,0,1758899245,,NOT_HATE_SPEECH,1.0,"The comment is an arbitrary number, not an insult or attack."
7555755377549280007,7554408119854468359,New York City,giá»¡n thÃ´y,giá»¡n thÃ´y,0,1759211398,,NOT_HATE_SPEECH,1.0,"The comment is a short, neutral statement ('giá»¡n thÃ´y' - just kidding)."
7555719282492982034,7554408119854468359,ð“ð“·ð“± ð“¿ð“ªð“· á¥«á­¡,dáº¡aðŸ˜”,dáº¡a,0,1759202993,,NOT_HATE_SPEECH,1.0,"The comment is a simple affirmation ('dáº¡a'), not an insult or attack."
7558478063832515348,7554408119854468359,D3 Äá»¥ng LÃ  Innova,timm tus cho tui vá»›i áº¡ ðŸ¥°,timm tus cho tui vá»›i áº¡,0,1759845321,,NOT_HATE_SPEECH,1.0,"The comment is a request for engagement, not an insult or attack."
7557207496181678866,7554408119854468359,A12 vÆ°á»£t ngÃ n chÃ´ng gai,Ok a,ok a,0,1759549498,,NOT_HATE_SPEECH,1.0,"The comment is a simple affirmation ('ok a'), not an insult or attack."
7556276812487525128,7554408119854468359,yen nhi,@kqè´µ @t giá»¡n voi m háº£?? @qá» aà­¨à§Ž @st. @Bo @TLðŸ’¦ @kh.ziiðŸ’— @ldan>.< ðŸ˜ðŸ‘ŒðŸ‘Œ,?? >.<,1,1759332804,,NOT_HATE_SPEECH,1.0,"The comment consists of neutral symbols, not an insult or attack."
7555727140109763344,7554408119854468359,ngá»‘,@Ã’ hÃ³ ðŸ˜‹ Ã´ kÃª.,Ã´ kÃª.,0,1759204826,,NOT_HATE_SPEECH,1.0,"The comment is a simple affirmation ('Ã´ kÃª.'), not an insult or attack."
7554699683202646792,7554408119854468359,A nÄƒm - trÄƒm vÃ¬ tinh tÃº ðŸ’«,Lin lá»±c lÃªn top,lin lá»±c lÃªn top,0,1758965598,,NOT_HATE_SPEECH,1.0,"The comment is a call for higher ranking/visibility ('lin lá»±c lÃªn top'), not an insult or attack."
7555752482300805896,7554408119854468359,ghÃ©t Äƒn rauðŸ¥¬,@qh dayyðŸ§¸ ae lennn,ae lennn,0,1759210723,,NOT_HATE_SPEECH,1.0,"The comment is a general exhortation or cheer ('ae lennn'), not an insult or attack."
7564417113198674695,7554408119854468359,A nÄƒm - trÄƒm vÃ¬ tinh tÃº ðŸ’«,Kháº£ nÄƒng dá»±t tÃ³p hÆ¡i khÃ³,kháº£ nÄƒng dá»±t tÃ³p hÆ¡i khÃ³,0,1761228115,,NOT_HATE_SPEECH,1.0,"The comment expresses a doubt about success ('kháº£ nÄƒng dá»±t tÃ³p hÆ¡i khÃ³'), not an insult or attack."
7554421542563005202,7554408119854468359,Biii ðŸ«°ðŸ»ðŸ‘¾,BÃ¡ sÃ n a5,bÃ¡ sÃ n a5,0,1758900835,,NOT_HATE_SPEECH,1.0,"The comment is a celebratory or supportive phrase ('bÃ¡ sÃ n a5'), not an insult or attack."
7554414628006134545,7554408119854468359,ba hung,Ã´ mai cá»›t,Ã´ mai cá»›t,0,1758899229,,NOT_HATE_SPEECH,1.0,"The comment is an exclamation ('Ã´ mai cá»›t' - Oh my god), not an insult or attack."
7563839263138611989,7554408119854468359,ThÃ­ch Tá»± Do vÃ  BÃ¬nh YÃªn,máº¥y thk nhÃ¬n hiá»n chá»© nÃ³ ná»•i khÃ¹ng lÃ  cháº¡y k0 ðŸ˜‚,máº¥y thk nhÃ¬n hiá»n chá»© nÃ³ ná»•i khÃ¹ng lÃ  cháº¡y k0,0,1761093581,,NOT_HATE_SPEECH,1.0,"The comment is a general observation about behavior, not an insult or attack directed at a specific person or group."
7554649197297107730,7554425776771271954,ÃŠ Ã½ lÃ ???,+1000 caloâ˜º,+1000 calo,11738,1758953843,Ã‚m thanh ráº¥c lÃ  chÃ¢n tháº­t luÃ´n Ä‘Ã³ ðŸ¥¹#viralvideo #xuhuong #xuhuongtiktok #thinhhanh,NOT_HATE_SPEECH,1.0,"The comment is an observation about calories, not an insult or attack."
7554707130763772680,7554425776771271954,âœ¨Äáº¹p má»—i xÆ°Æ¡ng quai xanhðŸŒŸðŸ˜­,"Ko bik cÃ³ ai giá»‘ng dá»‹ ko chá»© t mÃ  uá»‘ng ly giá»‘ng váº§y lÃ  pháº£i Äƒn kem trc ro ms dÃ¡m cáº¯m á»‘ng hÃºt vÃ´ quáº¥y, t sá»£ kem nÃ³ mÃ  quyá»‡n vs nc sáº½ vx phÃ­ kem nÆ°á»›c láº¡i nháº¡t akðŸ˜…","ko bik cÃ³ ai giá»‘ng dá»‹ ko chá»© t mÃ  uá»‘ng ly giá»‘ng váº§y lÃ  pháº£i Äƒn kem trc ro ms dÃ¡m cáº¯m á»‘ng hÃºt vÃ´ quáº¥y, t sá»£ kem nÃ³ mÃ  quyá»‡n vs nc sáº½ vx phÃ­ kem nÆ°á»›c láº¡i nháº¡t ak",1266,1758967334,Ã‚m thanh ráº¥c lÃ  chÃ¢n tháº­t luÃ´n Ä‘Ã³ ðŸ¥¹#viralvideo #xuhuong #xuhuongtiktok #thinhhanh,NOT_HATE_SPEECH,1.0,"The comment describes a personal preference and habit related to eating, not an insult or attack."
7554773432795333384,7554425776771271954,Há»“ Triá»u,VÃ´ Xingfu cha gá»i tháº¿ nÃ o Ä‘á»ƒ Ä‘c mÃ³n nÃ y váº­y áº¡?,vÃ´ xingfu cha gá»i tháº¿ nÃ o Ä‘á»ƒ Ä‘c mÃ³n nÃ y váº­y áº¡?,19,1758982769,Ã‚m thanh ráº¥c lÃ  chÃ¢n tháº­t luÃ´n Ä‘Ã³ ðŸ¥¹#viralvideo #xuhuong #xuhuongtiktok #thinhhanh,NOT_HATE_SPEECH,1.0,"The comment is a question asking for information about a specific dish, not an insult or attack."
7554632150920086280,7554425776771271954,....,CÃ¡i náº¯p Ä‘á»«ng quÄƒng nha tiáº¿c láº¯m,cÃ¡i náº¯p Ä‘á»«ng quÄƒng nha tiáº¿c láº¯m,32502,1758949874,Ã‚m thanh ráº¥c lÃ  chÃ¢n tháº­t luÃ´n Ä‘Ã³ ðŸ¥¹#viralvideo #xuhuong #xuhuongtiktok #thinhhanh,NOT_HATE_SPEECH,1.0,"The comment gives advice about an item shown in the video, not an insult or attack."
7554626105274729237,7554425776771271954,Best ex gf,NÆ°á»›c miáº¿ng tuÃ´ng tuÃ´ng,nÆ°á»›c miáº¿ng tuÃ´ng tuÃ´ng,10079,1758948468,Ã‚m thanh ráº¥c lÃ  chÃ¢n tháº­t luÃ´n Ä‘Ã³ ðŸ¥¹#viralvideo #xuhuong #xuhuongtiktok #thinhhanh,NOT_HATE_SPEECH,1.0,"The comment describes a physical reaction (mouth-watering) to seeing the food, which is not an insult or attack."
7555380174512292624,7554425776771271954,Huá»‡ Linh Mee,Ngon Ä‘áº¥y. Äáº¿n lÃºc bá»‹ tháº­n lÃ  nguy Ä‘áº¥y . ToÃ n bá»™t cÃ´ng nghiá»‡p vÃ  Ä‘Æ°á»ng thÃ´i cÃ¡c em cÃ¡c chÃ¡u ah. TrÆ°á»›c nghiá»‡n trÃ  sá»¯a cho Ä‘áº¿n khi cÃ³ Ã½ Ä‘á»‹nh bÃ¡n nÃ³ thÃ¬ khÃ¡m phÃ¡ ra táº¥t cáº£,ngon Ä‘áº¥y. Ä‘áº¿n lÃºc bá»‹ tháº­n lÃ  nguy Ä‘áº¥y . toÃ n bá»™t cÃ´ng nghiá»‡p vÃ  Ä‘Æ°á»ng thÃ´i cÃ¡c em cÃ¡c chÃ¡u ah. trÆ°á»›c nghiá»‡n trÃ  sá»¯a cho Ä‘áº¿n khi cÃ³ Ã½ Ä‘á»‹nh bÃ¡n nÃ³ thÃ¬ khÃ¡m phÃ¡ ra táº¥t cáº£,698,1759124040,Ã‚m thanh ráº¥c lÃ  chÃ¢n tháº­t luÃ´n Ä‘Ã³ ðŸ¥¹#viralvideo #xuhuong #xuhuongtiktok #thinhhanh,NOT_HATE_SPEECH,1.0,"The comment offers health advice based on personal experience and observation about ingredients, which is not an insult or attack."
7554702165076558610,7554425776771271954,nhÃ­,Giá»‘ng kem cá»‘t thÃ¡i lan v..,giá»‘ng kem cá»‘t thÃ¡i lan v..,2939,1758966174,Ã‚m thanh ráº¥c lÃ  chÃ¢n tháº­t luÃ´n Ä‘Ã³ ðŸ¥¹#viralvideo #xuhuong #xuhuongtiktok #thinhhanh,NOT_HATE_SPEECH,1.0,"The comment makes a comparison, which is neutral."
7554666920587395858,7554425776771271954,Rich ðŸ’°,"MÃ¡ Æ¡i bÃ©o ngáº­y ngon tuyá»‡t luÃ´n ,nhÃ¬n thÃ¨m ghÃª nÆ¡i ,sáº§m sÆ¡n thanh hoÃ¡ cÃ³ ai bÃ¡n k tr","mÃ¡ Æ¡i bÃ©o ngáº­y ngon tuyá»‡t luÃ´n ,nhÃ¬n thÃ¨m ghÃª nÆ¡i ,sáº§m sÆ¡n thanh hoÃ¡ cÃ³ ai bÃ¡n k tr",171,1758957967,Ã‚m thanh ráº¥c lÃ  chÃ¢n tháº­t luÃ´n Ä‘Ã³ ðŸ¥¹#viralvideo #xuhuong #xuhuongtiktok #thinhhanh,NOT_HATE_SPEECH,1.0,"The comment expresses desire and asks for local availability, which is neutral/positive."
7554622131792347920,7554425776771271954,Láº©u gÃ  lÃ¡ ngÃ³n,Vá»‹ TrÃ  sá»¯a á»Ÿ Ä‘Ã¢y kh khÃ¡c gÃ¬ vá»‹ trÃ  sá»¯a chÃ´m chÃ´m katinat v Ã¡ bÃ¢y,vá»‹ trÃ  sá»¯a á»Ÿ Ä‘Ã¢y kh khÃ¡c gÃ¬ vá»‹ trÃ  sá»¯a chÃ´m chÃ´m katinat v Ã¡ bÃ¢y,2445,1758947547,Ã‚m thanh ráº¥c lÃ  chÃ¢n tháº­t luÃ´n Ä‘Ã³ ðŸ¥¹#viralvideo #xuhuong #xuhuongtiktok #thinhhanh,NOT_HATE_SPEECH,1.0,"The comment makes a comparison of taste, which is neutral."
7554788337505714952,7554425776771271954,NhiNhi,TÆ°á»Ÿng má»›i cÃ³ hiá»‡u kem trá»™n má»›i ko Ã¡ :))),tÆ°á»Ÿng má»›i cÃ³ hiá»‡u kem trá»™n má»›i ko Ã¡ :))),5,1758986238,Ã‚m thanh ráº¥c lÃ  chÃ¢n tháº­t luÃ´n Ä‘Ã³ ðŸ¥¹#viralvideo #xuhuong #xuhuongtiktok #thinhhanh,NOT_HATE_SPEECH,1.0,"The comment makes a lighthearted comparison, not an insult or attack."
7554788217968804626,7554425776771271954,Laladecor,ThÆ°á»ng thÃ¬ Ä‘Ãªm sáº½ thÃ¨m Äƒn ðŸ˜‚,thÆ°á»ng thÃ¬ Ä‘Ãªm sáº½ thÃ¨m Äƒn,5,1758986213,Ã‚m thanh ráº¥c lÃ  chÃ¢n tháº­t luÃ´n Ä‘Ã³ ðŸ¥¹#viralvideo #xuhuong #xuhuongtiktok #thinhhanh,NOT_HATE_SPEECH,1.0,The comment is a neutral observation about craving food at night.
7554665055917425426,7554425776771271954,Mon mon,"Gáº§n mÃ¬nh, cÃ¡ch cÃ³ hÆ¡n 800km, mai hay ngÃ y kia mÃ¬nh ghÃ© nha","gáº§n mÃ¬nh, cÃ¡ch cÃ³ hÆ¡n 800km, mai hay ngÃ y kia mÃ¬nh ghÃ© nha",930,1758957534,Ã‚m thanh ráº¥c lÃ  chÃ¢n tháº­t luÃ´n Ä‘Ã³ ðŸ¥¹#viralvideo #xuhuong #xuhuongtiktok #thinhhanh,NOT_HATE_SPEECH,1.0,"The comment is a humorous remark about distance, not an insult or attack."
7554781295336686344,7554425776771271954,TÃ­t baby,Uá»‘ng ly nÃ y xong nhá»‹n 1 tuáº§n ko dÃ¡m Äƒn cÆ¡m vÃ¬ sá»£ máº­p,uá»‘ng ly nÃ y xong nhá»‹n 1 tuáº§n ko dÃ¡m Äƒn cÆ¡m vÃ¬ sá»£ máº­p,5,1758984596,Ã‚m thanh ráº¥c lÃ  chÃ¢n tháº­t luÃ´n Ä‘Ã³ ðŸ¥¹#viralvideo #xuhuong #xuhuongtiktok #thinhhanh,NOT_HATE_SPEECH,1.0,"The comment is a humorous exaggeration about the caloric content of the drink, not an insult or attack."
7554793009595581201,7554425776771271954,Máº¹ bá»‰m hÆ°á»›ng ná»™i,CÃº sá»‘c lÃºc 22h35,cÃº sá»‘c lÃºc 22h35,5,1758987328,Ã‚m thanh ráº¥c lÃ  chÃ¢n tháº­t luÃ´n Ä‘Ã³ ðŸ¥¹#viralvideo #xuhuong #xuhuongtiktok #thinhhanh,NOT_HATE_SPEECH,1.0,"The comment expresses a mild emotional reaction to seeing the food late at night, not an insult or attack."
7555473795289662215,7554425776771271954,Tao ngÃ¨o láº¯m,Tháº­t ra tÃ´i ko thÃ­ch uá»‘ng trÃ  sá»¯a láº¯m,tháº­t ra tÃ´i ko thÃ­ch uá»‘ng trÃ  sá»¯a láº¯m,0,1759145832,Ã‚m thanh ráº¥c lÃ  chÃ¢n tháº­t luÃ´n Ä‘Ã³ ðŸ¥¹#viralvideo #xuhuong #xuhuongtiktok #thinhhanh,NOT_HATE_SPEECH,1.0,"The comment expresses a personal preference, which is neutral."
7554783177765962503,7554425776771271954,ngocha12097,CÃ¡i náº¯p bao nhiÃªu váº­y mÃ¬nh mua,cÃ¡i náº¯p bao nhiÃªu váº­y mÃ¬nh mua,5,1758985040,Ã‚m thanh ráº¥c lÃ  chÃ¢n tháº­t luÃ´n Ä‘Ã³ ðŸ¥¹#viralvideo #xuhuong #xuhuongtiktok #thinhhanh,NOT_HATE_SPEECH,1.0,"The comment is a question asking for information about the lid, not an insult or attack."
7554815222037611271,7554425776771271954,_love iem kem.,12h Ä‘Ãªm tháº­t neg bÃ ðŸ’”,12h Ä‘Ãªm tháº­t neg bÃ ,10,1758992497,Ã‚m thanh ráº¥c lÃ  chÃ¢n tháº­t luÃ´n Ä‘Ã³ ðŸ¥¹#viralvideo #xuhuong #xuhuongtiktok #thinhhanh,NOT_HATE_SPEECH,1.0,"The comment confirms the time-related context of the video, which is neutral."
7554781220204561173,7554425776771271954,H.nhei24,Chi nhÃ¡nh nÃ o á»Ÿ dn cx cÃ³ mÃ³n nÃ y hay sao áº¡,chi nhÃ¡nh nÃ o á»Ÿ dn cx cÃ³ mÃ³n nÃ y hay sao áº¡,5,1758984583,Ã‚m thanh ráº¥c lÃ  chÃ¢n tháº­t luÃ´n Ä‘Ã³ ðŸ¥¹#viralvideo #xuhuong #xuhuongtiktok #thinhhanh,NOT_HATE_SPEECH,1.0,"The comment is a question seeking information about product availability, not an insult or attack."
7554816678132712210,7554425776771271954,dgai bien thai.,Ãª lÃºc Ä‘áº§u tÆ°á»Ÿng há»™p sÃ¬ lam,Ãª lÃºc Ä‘áº§u tÆ°á»Ÿng há»™p sÃ¬ lam,6,1758992837,Ã‚m thanh ráº¥c lÃ  chÃ¢n tháº­t luÃ´n Ä‘Ã³ ðŸ¥¹#viralvideo #xuhuong #xuhuongtiktok #thinhhanh,NOT_HATE_SPEECH,1.0,"The comment makes a lighthearted comparison, not an insult or attack."
7554730762474832648,7554425776771271954,Rynnieâ™ˆï¸,Cho e xin cÃ¡i náº¯p:))),cho e xin cÃ¡i náº¯p:))),8,1758972832,Ã‚m thanh ráº¥c lÃ  chÃ¢n tháº­t luÃ´n Ä‘Ã³ ðŸ¥¹#viralvideo #xuhuong #xuhuongtiktok #thinhhanh,NOT_HATE_SPEECH,1.0,"The comment is a request, not an insult or attack."
7554715364879057682,7554425776771271954,minh anh.,Ä‘áº«m lá»‡,Ä‘áº«m lá»‡,6,1758969248,Ã‚m thanh ráº¥c lÃ  chÃ¢n tháº­t luÃ´n Ä‘Ã³ ðŸ¥¹#viralvideo #xuhuong #xuhuongtiktok #thinhhanh,NOT_HATE_SPEECH,1.0,"The comment is an emotional expression ('Ä‘áº«m lá»‡' - tearful/emotional), not an insult or attack."
7554806900807566088,7554425776771271954,nguyá»…n my,vÃ ng vÃ ng giá»‘ng kem trá»™n ðŸ˜‚,vÃ ng vÃ ng giá»‘ng kem trá»™n,9,1758990559,Ã‚m thanh ráº¥c lÃ  chÃ¢n tháº­t luÃ´n Ä‘Ã³ ðŸ¥¹#viralvideo #xuhuong #xuhuongtiktok #thinhhanh,NOT_HATE_SPEECH,1.0,"The comment makes a comparison ('giá»‘ng kem trá»™n' - like mixing cream), not an insult or attack."
7554747537867178760,7554425776771271954,catihu97,Ãª cho t cÃ¡i náº¯p nha,Ãª cho t cÃ¡i náº¯p nha,5,1758976739,Ã‚m thanh ráº¥c lÃ  chÃ¢n tháº­t luÃ´n Ä‘Ã³ ðŸ¥¹#viralvideo #xuhuong #xuhuongtiktok #thinhhanh,NOT_HATE_SPEECH,1.0,"The comment is a request, not an insult or attack."
7554685141479310088,7554425776771271954,KhÃ¡nh nÃ¨ðŸ‘‹,TÃ´i Ä‘ang giáº£m kg nhaðŸ˜‚,tÃ´i Ä‘ang giáº£m kg nha,5,1758962211,Ã‚m thanh ráº¥c lÃ  chÃ¢n tháº­t luÃ´n Ä‘Ã³ ðŸ¥¹#viralvideo #xuhuong #xuhuongtiktok #thinhhanh,NOT_HATE_SPEECH,1.0,"The comment expresses a personal health goal in a humorous way, not an insult or attack."
7554782593297580808,7554425776771271954,TrÆ°Æ¡ng Báº¯c,BÃ¡n cho t cÃ¡i náº¯p Ä‘Ã³ Ä‘i,bÃ¡n cho t cÃ¡i náº¯p Ä‘Ã³ Ä‘i,183,1758984901,Ã‚m thanh ráº¥c lÃ  chÃ¢n tháº­t luÃ´n Ä‘Ã³ ðŸ¥¹#viralvideo #xuhuong #xuhuongtiktok #thinhhanh,NOT_HATE_SPEECH,1.0,"The comment is a request to buy an item shown, which is neutral."
7554765377969537809,7554425776771271954,PhÃº QuÃ½,t tá»™i lá»—i quÃ¡ t Ä‘Ã£ mong chá» Ä‘iá»u gÃ¬ khi báº¡n áº¥y cáº§m cÃ¡i ly Ä‘Ã³ lÃªn â˜º,t tá»™i lá»—i quÃ¡ t Ä‘Ã£ mong chá» Ä‘iá»u gÃ¬ khi báº¡n áº¥y cáº§m cÃ¡i ly Ä‘Ã³ lÃªn,8,1758980897,Ã‚m thanh ráº¥c lÃ  chÃ¢n tháº­t luÃ´n Ä‘Ã³ ðŸ¥¹#viralvideo #xuhuong #xuhuongtiktok #thinhhanh,NOT_HATE_SPEECH,1.0,"The comment expresses a personal feeling of guilt or anticipation, not an insult or attack."
7554761938408866578,7554425776771271954,Viá»‡t Shady,trÃ  sá»¯a kem trá»™n ðŸ˜³,trÃ  sá»¯a kem trá»™n,5,1758980090,Ã‚m thanh ráº¥c lÃ  chÃ¢n tháº­t luÃ´n Ä‘Ã³ ðŸ¥¹#viralvideo #xuhuong #xuhuongtiktok #thinhhanh,NOT_HATE_SPEECH,1.0,"The comment makes a comparison, which is neutral."
7554671806776296210,7554425776771271954,Sangdilamtoidilam,Cho e cÃ¡i náº¯p Ä‘i chá»‹,cho e cÃ¡i náº¯p Ä‘i chá»‹,12,1758959108,Ã‚m thanh ráº¥c lÃ  chÃ¢n tháº­t luÃ´n Ä‘Ã³ ðŸ¥¹#viralvideo #xuhuong #xuhuongtiktok #thinhhanh,NOT_HATE_SPEECH,1.0,"The comment is a request, not an insult or attack."
7554738454622814984,7554425776771271954,Kim linh,Nha trang cÃ³ khÃ´ng ta ðŸ˜…,nha trang cÃ³ khÃ´ng ta,5,1758974625,Ã‚m thanh ráº¥c lÃ  chÃ¢n tháº­t luÃ´n Ä‘Ã³ ðŸ¥¹#viralvideo #xuhuong #xuhuongtiktok #thinhhanh,NOT_HATE_SPEECH,1.0,"The comment is a question about availability, not an insult or attack."
7554731758044054293,7554425776771271954,Máº¹ Bon Review,MÃ³n nÃ y tÃªn lÃ  gÃ¬ z cÃ¡c ce Æ¡i ðŸ˜³nhÃ¬n láº¡ quáº¥ áº¡,mÃ³n nÃ y tÃªn lÃ  gÃ¬ z cÃ¡c ce Æ¡i nhÃ¬n láº¡ quáº¥ áº¡,7,1758973069,Ã‚m thanh ráº¥c lÃ  chÃ¢n tháº­t luÃ´n Ä‘Ã³ ðŸ¥¹#viralvideo #xuhuong #xuhuongtiktok #thinhhanh,NOT_HATE_SPEECH,1.0,"The comment is a question seeking information about the dish, not an insult or attack."
7554716617688056594,7554425776771271954,Babygirl.,Tui tÆ°á»Ÿng khui há»§ kem cá»‘t dáº§u vÃ ng ko ðŸ¥°,tui tÆ°á»Ÿng khui há»§ kem cá»‘t dáº§u vÃ ng ko,16,1758969540,Ã‚m thanh ráº¥c lÃ  chÃ¢n tháº­t luÃ´n Ä‘Ã³ ðŸ¥¹#viralvideo #xuhuong #xuhuongtiktok #thinhhanh,NOT_HATE_SPEECH,1.0,"The comment makes a lighthearted comparison, not an insult or attack."
7554692100340990728,7554425776771271954,TrÃºc,"Há»“i tui cÃ²n lÃ m á»Ÿ tháº£o Ä‘iá»n, Ä‘áº§u Ä‘Æ°á»ng cÃ³ cÃ¡i Xing fu tang, bao nhiÃªu lÆ°Æ¡ng t Ä‘á»• vÃ´ Ä‘Ã³ háº¿t ðŸ¤¤ Pháº£i Ä‘i mua uá»‘ng liá»n má»›i Ä‘Æ°á»£c","há»“i tui cÃ²n lÃ m á»Ÿ tháº£o Ä‘iá»n, Ä‘áº§u Ä‘Æ°á»ng cÃ³ cÃ¡i xing fu tang, bao nhiÃªu lÆ°Æ¡ng t Ä‘á»• vÃ´ Ä‘Ã³ háº¿t pháº£i Ä‘i mua uá»‘ng liá»n má»›i Ä‘Æ°á»£c",257,1758963830,Ã‚m thanh ráº¥c lÃ  chÃ¢n tháº­t luÃ´n Ä‘Ã³ ðŸ¥¹#viralvideo #xuhuong #xuhuongtiktok #thinhhanh,NOT_HATE_SPEECH,1.0,"The comment shares a personal anecdote and expresses desire for the product, which is neutral/positive."
7554720756975076114,7554425776771271954,Jhgwhwjns unwjjwj,má»›i Ä‘áº§u tÆ°á»Ÿng slime,má»›i Ä‘áº§u tÆ°á»Ÿng slime,7,1758970502,Ã‚m thanh ráº¥c lÃ  chÃ¢n tháº­t luÃ´n Ä‘Ã³ ðŸ¥¹#viralvideo #xuhuong #xuhuongtiktok #thinhhanh,NOT_HATE_SPEECH,1.0,"The comment makes a lighthearted comparison, not an insult or attack."
7554735858144051975,7554425776771271954,mun,xin chá»— bÃ¡n,xin chá»— bÃ¡n,5,1758974023,Ã‚m thanh ráº¥c lÃ  chÃ¢n tháº­t luÃ´n Ä‘Ã³ ðŸ¥¹#viralvideo #xuhuong #xuhuongtiktok #thinhhanh,NOT_HATE_SPEECH,1.0,"The comment is a request for location, not an insult or attack."
7554761758793401095,7554425776771271954,Tráº¡m cáº£m xÃºc,Con t nÃ³ ngá»§ mÃ  nÃ³ nghe tiáº¿ng má»Ÿ ly nÃ³ ngá»“i dáº­y luÃ´n.,con t nÃ³ ngá»§ mÃ  nÃ³ nghe tiáº¿ng má»Ÿ ly nÃ³ ngá»“i dáº­y luÃ´n.,8,1758980052,Ã‚m thanh ráº¥c lÃ  chÃ¢n tháº­t luÃ´n Ä‘Ã³ ðŸ¥¹#viralvideo #xuhuong #xuhuongtiktok #thinhhanh,NOT_HATE_SPEECH,1.0,"The comment describes a humorous reaction of a child, not an insult or attack."
7554744657541120786,7554425776771271954,Ngá»c Báº£o BÃ­ch,Tui Ä‘i trung quá»‘c á»‘ng gá»‘c ngon láº¯m mÃ  giÃ¡ chÃ¡t,tui Ä‘i trung quá»‘c á»‘ng gá»‘c ngon láº¯m mÃ  giÃ¡ chÃ¡t,5,1758976066,Ã‚m thanh ráº¥c lÃ  chÃ¢n tháº­t luÃ´n Ä‘Ã³ ðŸ¥¹#viralvideo #xuhuong #xuhuongtiktok #thinhhanh,NOT_HATE_SPEECH,1.0,"The comment shares a positive past experience and notes a price, which is neutral."
7554721720012391188,7554425776771271954,Lamphuong_08,T tÆ°á»Ÿng slime ðŸ¥°,t tÆ°á»Ÿng slime,6,1758970728,Ã‚m thanh ráº¥c lÃ  chÃ¢n tháº­t luÃ´n Ä‘Ã³ ðŸ¥¹#viralvideo #xuhuong #xuhuongtiktok #thinhhanh,NOT_HATE_SPEECH,1.0,"The comment makes a lighthearted comparison, not an insult or attack."
7554684732127806216,7554425776771271954,Tháº§n TÃ i Äáº¿n,"Máº¥y bÃ  biáº¿t vá»‹ trÃ  sá»¯a cá»§a PhÃºc long xong cho thÃªm lá»›p kem chese phÃ´ mai lÃªn trÃªn khÃ´ng, vá»‹ Ä‘Ã³ khÃ´ng giá»‘ng vá»‹ nÃ y","máº¥y bÃ  biáº¿t vá»‹ trÃ  sá»¯a cá»§a phÃºc long xong cho thÃªm lá»›p kem chese phÃ´ mai lÃªn trÃªn khÃ´ng, vá»‹ Ä‘Ã³ khÃ´ng giá»‘ng vá»‹ nÃ y",9,1758962118,Ã‚m thanh ráº¥c lÃ  chÃ¢n tháº­t luÃ´n Ä‘Ã³ ðŸ¥¹#viralvideo #xuhuong #xuhuongtiktok #thinhhanh,NOT_HATE_SPEECH,1.0,"The comment describes a personal taste preference, not an insult or attack."
7554693275760837394,7554425776771271954,Tun Ä‘ang niá»ng,máº¥y mÃ³n nhÆ° nÃ y thÃ¬ hanoi á»Ÿ Ä‘Ã¢u cÃ³ nhá»‰ mn ui,máº¥y mÃ³n nhÆ° nÃ y thÃ¬ hanoi á»Ÿ Ä‘Ã¢u cÃ³ nhá»‰ mn ui,6,1758964104,Ã‚m thanh ráº¥c lÃ  chÃ¢n tháº­t luÃ´n Ä‘Ã³ ðŸ¥¹#viralvideo #xuhuong #xuhuongtiktok #thinhhanh,NOT_HATE_SPEECH,1.0,"The comment is a question seeking information about product availability, not an insult or attack."
7554722006139585287,7554425776771271954,NguyenAnh.71,CÆ¡ Ä‘á»‹a nhÆ° t khÃ³c thÃ©t,cÆ¡ Ä‘á»‹a nhÆ° t khÃ³c thÃ©t,10,1758970793,Ã‚m thanh ráº¥c lÃ  chÃ¢n tháº­t luÃ´n Ä‘Ã³ ðŸ¥¹#viralvideo #xuhuong #xuhuongtiktok #thinhhanh,NOT_HATE_SPEECH,1.0,"The comment expresses a personal health concern in a lighthearted way, not an insult or attack."
7554665303121265415,7554425776771271954,"toÃ¡n,vÄƒn,anh,hoÃ¡,sinh,sá»­,Ä‘á»‹a",Quyáº¿n rÅ© quÃ¡,quyáº¿n rÅ© quÃ¡,10,1758957591,Ã‚m thanh ráº¥c lÃ  chÃ¢n tháº­t luÃ´n Ä‘Ã³ ðŸ¥¹#viralvideo #xuhuong #xuhuongtiktok #thinhhanh,NOT_HATE_SPEECH,1.0,"The comment expresses positive appreciation ('quyáº¿n rÅ© quÃ¡'), which is positive."
7554685572473881362,7554425776771271954,Huyá»n Pháº¡m,QuÃ¡n nÃ y gáº§n mÃ¬nh nÃ¨. CÃ¡ch cÃ³ 700km Ã ,quÃ¡n nÃ y gáº§n mÃ¬nh nÃ¨. cÃ¡ch cÃ³ 700km Ã ,9,1758962314,Ã‚m thanh ráº¥c lÃ  chÃ¢n tháº­t luÃ´n Ä‘Ã³ ðŸ¥¹#viralvideo #xuhuong #xuhuongtiktok #thinhhanh,NOT_HATE_SPEECH,1.0,"The comment is a humorous remark about distance, not an insult or attack."
7554677317706220295,7554425776771271954,Thá»‹ Li,T tÆ°á»Ÿng kem trá»™n,t tÆ°á»Ÿng kem trá»™n,6,1758960393,Ã‚m thanh ráº¥c lÃ  chÃ¢n tháº­t luÃ´n Ä‘Ã³ ðŸ¥¹#viralvideo #xuhuong #xuhuongtiktok #thinhhanh,NOT_HATE_SPEECH,1.0,"The comment makes a comparison, which is neutral."
7554660378896122632,7554425776771271954,Thiáº¿u ngá»§ quanh nÄƒm ÊšÑ—Éž,Uá»‘ng xong lÃªn 2kÃ­ ðŸ˜³,uá»‘ng xong lÃªn 2kÃ­,8,1758956451,Ã‚m thanh ráº¥c lÃ  chÃ¢n tháº­t luÃ´n Ä‘Ã³ ðŸ¥¹#viralvideo #xuhuong #xuhuongtiktok #thinhhanh,NOT_HATE_SPEECH,1.0,"The comment is a humorous exaggeration about weight gain, not an insult or attack."
7554677057234649863,7554425776771271954,Embeiu,Äg báº§u mÃ  thÃ¨m ðŸ¤¤,Ä‘g báº§u mÃ  thÃ¨m,5,1758960328,Ã‚m thanh ráº¥c lÃ  chÃ¢n tháº­t luÃ´n Ä‘Ã³ ðŸ¥¹#viralvideo #xuhuong #xuhuongtiktok #thinhhanh,NOT_HATE_SPEECH,1.0,"The comment expresses a craving during pregnancy, which is a personal statement."
7554740714375742229,7554425776771271954,NgÆ°á»i Viá»‡t Gá»‘c Me,NhÃ¬n ko muá»‘n uá»‘ng r Ä‘Ã³,nhÃ¬n ko muá»‘n uá»‘ng r Ä‘Ã³,6,1758975152,Ã‚m thanh ráº¥c lÃ  chÃ¢n tháº­t luÃ´n Ä‘Ã³ ðŸ¥¹#viralvideo #xuhuong #xuhuongtiktok #thinhhanh,NOT_HATE_SPEECH,1.0,"The comment expresses a personal disinclination, not an insult or attack."
7554652763080475400,7554425776771271954,lish,"quÃ¡n guá»™t cá»§a t, ráº¥t iuuu","quÃ¡n guá»™t cá»§a t, ráº¥t iuuu",9,1758954678,Ã‚m thanh ráº¥c lÃ  chÃ¢n tháº­t luÃ´n Ä‘Ã³ ðŸ¥¹#viralvideo #xuhuong #xuhuongtiktok #thinhhanh,NOT_HATE_SPEECH,1.0,"The comment expresses positive sentiment ('quÃ¡n guá»™t cá»§a t, ráº¥t iuuu'), which is positive."
7554635822852309767,7554425776771271954,Not ur gfðŸ¤¦ðŸ»â€â™€ï¸,Tr Æ¡i uá»‘ng xong tÄƒng máº¥y kÃ­i váº­yðŸ˜­,tr Æ¡i uá»‘ng xong tÄƒng máº¥y kÃ­i váº­y,124,1758950728,Ã‚m thanh ráº¥c lÃ  chÃ¢n tháº­t luÃ´n Ä‘Ã³ ðŸ¥¹#viralvideo #xuhuong #xuhuongtiktok #thinhhanh,NOT_HATE_SPEECH,1.0,"The comment is a humorous exaggeration about weight gain, not an insult or attack."
7554672496714466055,7554425776771271954,HG264248,Gáº§y sÆ°á»›ng ha.t mÃ  uá»‘ng ly nÃ y xong cháº¯c t lÄƒn luÃ´n qÃ¡,gáº§y sÆ°á»›ng ha.t mÃ  uá»‘ng ly nÃ y xong cháº¯c t lÄƒn luÃ´n qÃ¡,6,1758959271,Ã‚m thanh ráº¥c lÃ  chÃ¢n tháº­t luÃ´n Ä‘Ã³ ðŸ¥¹#viralvideo #xuhuong #xuhuongtiktok #thinhhanh,NOT_HATE_SPEECH,1.0,"The comment is a humorous self-reflection about weight gain, not an insult or attack."
7554722742709388033,7554425776771271954,votruc,gÃ²i giáº£m cÃ¢n chá»— nÃ o ðŸ¤£,gÃ²i giáº£m cÃ¢n chá»— nÃ o,6,1758970971,Ã‚m thanh ráº¥c lÃ  chÃ¢n tháº­t luÃ´n Ä‘Ã³ ðŸ¥¹#viralvideo #xuhuong #xuhuongtiktok #thinhhanh,NOT_HATE_SPEECH,1.0,"The comment is a humorous remark about the challenge of weight loss, not an insult or attack."
7554698830774027024,7554425776771271954,mÃ´i xynh .ðŸ’‹,báº¡n ship tui cÃ¡i náº¯p Ä‘c ko,báº¡n ship tui cÃ¡i náº¯p Ä‘c ko,5,1758965799,Ã‚m thanh ráº¥c lÃ  chÃ¢n tháº­t luÃ´n Ä‘Ã³ ðŸ¥¹#viralvideo #xuhuong #xuhuongtiktok #thinhhanh,NOT_HATE_SPEECH,1.0,"The comment is a request to receive an item, which is neutral."
7554675369853780754,7554425776771271954,Â´ê’³`ðÃºð­ð‚ð¡Ã¬ð—ðšð§ð¡âœï¸ðŸ‰,"Tui bá» trÃ  sá»¯a máº¥y thÃ¡ng nay rÃ¹i, tháº¥y váº«n thÃ¨mðŸ¤¤ðŸ¤¤ðŸ¤¤ðŸ¤¤","tui bá» trÃ  sá»¯a máº¥y thÃ¡ng nay rÃ¹i, tháº¥y váº«n thÃ¨m",5,1758959935,Ã‚m thanh ráº¥c lÃ  chÃ¢n tháº­t luÃ´n Ä‘Ã³ ðŸ¥¹#viralvideo #xuhuong #xuhuongtiktok #thinhhanh,NOT_HATE_SPEECH,1.0,"The comment expresses a personal struggle with cravings, not an insult or attack."
7554709134835335943,7554425776771271954,Cáº£i báº¯pðŸ¥¬,NgÃ¡n Ã¡,ngÃ¡n Ã¡,5,1758967796,Ã‚m thanh ráº¥c lÃ  chÃ¢n tháº­t luÃ´n Ä‘Ã³ ðŸ¥¹#viralvideo #xuhuong #xuhuongtiktok #thinhhanh,NOT_HATE_SPEECH,1.0,"The comment expresses a feeling of being 'ngÃ¡n' (fed up/satiated), which is a personal opinion."
7554679660400182036,7554425776771271954,cÃ´ giÃ¡o UyÃªn ðŸ«¦,thá»±c Ä‘Æ¡n tÄƒng cÃ¢n:))ðŸ¤£,thá»±c Ä‘Æ¡n tÄƒng cÃ¢n:)),5,1758960935,Ã‚m thanh ráº¥c lÃ  chÃ¢n tháº­t luÃ´n Ä‘Ã³ ðŸ¥¹#viralvideo #xuhuong #xuhuongtiktok #thinhhanh,NOT_HATE_SPEECH,1.0,"The comment refers to the item as a 'thá»±c Ä‘Æ¡n tÄƒng cÃ¢n' (weight gain menu), which is a neutral observation or humorous label."
7554744283086832391,7554425776771271954,Huy Tráº§n,mÃ³n gÃ¬ Ä‘Ã¢y mn,mÃ³n gÃ¬ Ä‘Ã¢y mn,5,1758975981,Ã‚m thanh ráº¥c lÃ  chÃ¢n tháº­t luÃ´n Ä‘Ã³ ðŸ¥¹#viralvideo #xuhuong #xuhuongtiktok #thinhhanh,NOT_HATE_SPEECH,1.0,"The comment is a question seeking information about the dish, not an insult or attack."
7554717250557707016,7554425776771271954,ð‰ðšððžðŸ¬ðŸ¬,nhÃ¬n bá»‹ ngÃ¡n Ã¡ chá»‰ thÃ­ch topping thÃ´i chá»© ko thÃ­ch uá»‘ng ts ðŸ˜†,nhÃ¬n bá»‹ ngÃ¡n Ã¡ chá»‰ thÃ­ch topping thÃ´i chá»© ko thÃ­ch uá»‘ng ts,5,1758969687,Ã‚m thanh ráº¥c lÃ  chÃ¢n tháº­t luÃ´n Ä‘Ã³ ðŸ¥¹#viralvideo #xuhuong #xuhuongtiktok #thinhhanh,NOT_HATE_SPEECH,1.0,"The comment expresses a personal preference, which is neutral."
7554657232118727432,7554425776771271954,ng Ä‘áº¹p bá»‹ flop ðœ—ðœš,lÃºc Ä‘áº§u t tÆ°á»Ÿng xÃ¬ lam :)),lÃºc Ä‘áº§u t tÆ°á»Ÿng xÃ¬ lam :)),6,1758955712,Ã‚m thanh ráº¥c lÃ  chÃ¢n tháº­t luÃ´n Ä‘Ã³ ðŸ¥¹#viralvideo #xuhuong #xuhuongtiktok #thinhhanh,NOT_HATE_SPEECH,1.0,"The comment makes a lighthearted comparison, not an insult or attack."
7554699198178263829,7554425776771271954,Em bÃ© cÃ³ embe,CÃ³ chi nhÃ¡nh q12 kh cáº­u Æ¡i,cÃ³ chi nhÃ¡nh q12 kh cáº­u Æ¡i,5,1758965488,Ã‚m thanh ráº¥c lÃ  chÃ¢n tháº­t luÃ´n Ä‘Ã³ ðŸ¥¹#viralvideo #xuhuong #xuhuongtiktok #thinhhanh,NOT_HATE_SPEECH,1.0,"The comment is a question seeking information about location, which is neutral."
7554662352613982984,7554425776771271954,dungzingå°è“‰,"Gu trÃ  sá»¯a cá»§a tÃ´i lÃ  ntn, cÃ²n hÃ£ng nÃ o ntn ná»¯a ko áº¡","gu trÃ  sá»¯a cá»§a tÃ´i lÃ  ntn, cÃ²n hÃ£ng nÃ o ntn ná»¯a ko áº¡",89,1758956906,Ã‚m thanh ráº¥c lÃ  chÃ¢n tháº­t luÃ´n Ä‘Ã³ ðŸ¥¹#viralvideo #xuhuong #xuhuongtiktok #thinhhanh,NOT_HATE_SPEECH,1.0,"The comment describes a personal preference and asks for recommendations, which is neutral."
7554677422831125256,7554425776771271954,yÃªu Ä‘á»i nháº¥t,xingfucha Ä‘Ãºng chÃ¢n Ã¡i mÃ  hÆ¡i ngá»t thoii,xingfucha Ä‘Ãºng chÃ¢n Ã¡i mÃ  hÆ¡i ngá»t thoii,7,1758960413,Ã‚m thanh ráº¥c lÃ  chÃ¢n tháº­t luÃ´n Ä‘Ã³ ðŸ¥¹#viralvideo #xuhuong #xuhuongtiktok #thinhhanh,NOT_HATE_SPEECH,1.0,"The comment expresses a positive opinion and notes a characteristic ('hÆ¡i ngá»t thoii' - a bit sweet), which is neutral."
7554695195193017106,7554425776771271954,Ãnh Háº±ng,12h Ä‘Ãªm mÃ  tui quáº¥t ly nÃ y lÃ  ngÃ y mai tui tÄƒng 12kg lun Ä‘Ã³ máº¥y bÃ  ðŸ˜†,12h Ä‘Ãªm mÃ  tui quáº¥t ly nÃ y lÃ  ngÃ y mai tui tÄƒng 12kg lun Ä‘Ã³ máº¥y bÃ ,16,1758964554,Ã‚m thanh ráº¥c lÃ  chÃ¢n tháº­t luÃ´n Ä‘Ã³ ðŸ¥¹#viralvideo #xuhuong #xuhuongtiktok #thinhhanh,NOT_HATE_SPEECH,1.0,"The comment is a humorous exaggeration about weight gain, not an insult or attack."
7554650664308507410,7554425776771271954,Trá»‹nhh Tiá»ƒuu My,+10kg,+10kg,13,1758954183,Ã‚m thanh ráº¥c lÃ  chÃ¢n tháº­t luÃ´n Ä‘Ã³ ðŸ¥¹#viralvideo #xuhuong #xuhuongtiktok #thinhhanh,NOT_HATE_SPEECH,1.0,"The comment is a humorous exaggeration about weight gain, not an insult or attack."
7554643364274242325,7554425776771271954,Makeup Tiá»‡c ÄÃ  Náºµng,Ngá»t ðŸ˜Œ thÃ¬ thoai nhÃ©,ngá»t thÃ¬ thoai nhÃ©,5,1758952488,Ã‚m thanh ráº¥c lÃ  chÃ¢n tháº­t luÃ´n Ä‘Ã³ ðŸ¥¹#viralvideo #xuhuong #xuhuongtiktok #thinhhanh,NOT_HATE_SPEECH,1.0,"The comment expresses a concern about sweetness, which is a neutral opinion."
7554690882054652690,7554425776771271954,WS,Cáº£m tháº¥y táº¯c ngháº½n máº¡ch mÃ¡u ðŸ˜…,cáº£m tháº¥y táº¯c ngháº½n máº¡ch mÃ¡u,5,1758963547,Ã‚m thanh ráº¥c lÃ  chÃ¢n tháº­t luÃ´n Ä‘Ã³ ðŸ¥¹#viralvideo #xuhuong #xuhuongtiktok #thinhhanh,NOT_HATE_SPEECH,1.0,"The comment expresses a humorous concern about health effects, not an insult or attack."
7554632477366747920,7554425776771271954,TrÃ  sá»¯a XingFu Cha Viá»‡t Nam!,"Ãº tÃ , háº¹ háº¹ ðŸ¥°ðŸ¥°ðŸ¥°","Ãº tÃ , háº¹ háº¹",7,1758949955,Ã‚m thanh ráº¥c lÃ  chÃ¢n tháº­t luÃ´n Ä‘Ã³ ðŸ¥¹#viralvideo #xuhuong #xuhuongtiktok #thinhhanh,NOT_HATE_SPEECH,1.0,"The comment is a positive exclamation ('Ãº tÃ , háº¹ háº¹'), which is positive."
7554674807518937863,7554425776771271954,Chihaha,NhÃ¬n giá»‘ng kem trá»™n z chÃ¨n ðŸ˜‚,nhÃ¬n giá»‘ng kem trá»™n z chÃ¨n,5,1758959803,Ã‚m thanh ráº¥c lÃ  chÃ¢n tháº­t luÃ´n Ä‘Ã³ ðŸ¥¹#viralvideo #xuhuong #xuhuongtiktok #thinhhanh,NOT_HATE_SPEECH,1.0,"The comment makes a comparison, which is neutral."
7554629481169568519,7554425776771271954,PhÃ¬nh á»‘ng dáº«n chuyá»‡n ðŸ¤¡,HN cÃ³ k áº¡ðŸ¥º,hn cÃ³ k áº¡,6,1758949254,Ã‚m thanh ráº¥c lÃ  chÃ¢n tháº­t luÃ´n Ä‘Ã³ ðŸ¥¹#viralvideo #xuhuong #xuhuongtiktok #thinhhanh,NOT_HATE_SPEECH,1.0,"The comment is a question seeking information about location, which is neutral."
7554954220237538049,7554425776771271954,Sen ÄÃ¡ â¤,ÃŠ Ãª bÃ  ..uá»‘ng háº¿t rá»“i lÃªn khoáº£ng nhiÃªu kÃ½ dá»£ ðŸ˜³,Ãª Ãª bÃ  ..uá»‘ng háº¿t rá»“i lÃªn khoáº£ng nhiÃªu kÃ½ dá»£,8,1759024869,Ã‚m thanh ráº¥c lÃ  chÃ¢n tháº­t luÃ´n Ä‘Ã³ ðŸ¥¹#viralvideo #xuhuong #xuhuongtiktok #thinhhanh,NOT_HATE_SPEECH,1.0,"The comment is a humorous question about weight gain, not an insult or attack."
7554636944807838472,7554425776771271954,olong kem chÃºi,lÆ°á»›t video thui cx tÄƒng 2 kÃ­ ðŸ˜­ðŸ˜­ HN cÃ³ mÃ³n nÃ y hem áº¡,lÆ°á»›t video thui cx tÄƒng 2 kÃ­ hn cÃ³ mÃ³n nÃ y hem áº¡,5,1758950992,Ã‚m thanh ráº¥c lÃ  chÃ¢n tháº­t luÃ´n Ä‘Ã³ ðŸ¥¹#viralvideo #xuhuong #xuhuongtiktok #thinhhanh,NOT_HATE_SPEECH,1.0,"The comment is a humorous exaggeration about weight gain and a question about availability, not an insult or attack."
7554966764058395422,7554425776771271954,kaila,CÃ¡i ly nÃ y gá»i tÃªn lÃ  gÃ¬ váº­y bÃ¢y giá» tao thÃ¨m thiá»‡t lÃ  thÃ¨m luÃ´n Ã chá»‹u háº¿t ná»•i rá»“i Ä‘Ã³,cÃ¡i ly nÃ y gá»i tÃªn lÃ  gÃ¬ váº­y bÃ¢y giá» tao thÃ¨m thiá»‡t lÃ  thÃ¨m luÃ´n Ã¡ chá»‹u háº¿t ná»•i rá»“i Ä‘Ã³,9,1759027812,Ã‚m thanh ráº¥c lÃ  chÃ¢n tháº­t luÃ´n Ä‘Ã³ ðŸ¥¹#viralvideo #xuhuong #xuhuongtiktok #thinhhanh,NOT_HATE_SPEECH,1.0,"The comment is a question seeking information about the product name, expressing strong desire, which is neutral."
7554706577438360340,7554425776771271954,Máº¹ SÃ³c Ä‘ang ráº£nh,Dáº¡ vÃ¢ng thÃ­ Ä‘iá»ƒm cho máº¥y bÃ  nhÃ©. T 1 tuáº§n liÃªn tiáº¿p ngÃ y nÃ o cÅ©ng uá»‘ng kÃ¨m topping ntn trong vÃ²ng 1th rÆ°á»¡i t tÄƒng 2kg ðŸ˜†ðŸ˜†,dáº¡ vÃ¢ng thÃ­ Ä‘iá»ƒm cho máº¥y bÃ  nhÃ©. t 1 tuáº§n liÃªn tiáº¿p ngÃ y nÃ o cÅ©ng uá»‘ng kÃ¨m topping ntn trong vÃ²ng 1th rÆ°á»¡i t tÄƒng 2kg,8,1758967202,Ã‚m thanh ráº¥c lÃ  chÃ¢n tháº­t luÃ´n Ä‘Ã³ ðŸ¥¹#viralvideo #xuhuong #xuhuongtiktok #thinhhanh,NOT_HATE_SPEECH,1.0,"The comment shares a personal experience related to weight gain from consuming the product, offering it as a cautionary anecdote, which is not an insult or attack."
7554701205576155912,7554425776771271954,Silver ðŸ’Ž,Ey S kh kiáº¿m kem trÃªn cÃ¡i náº¯pðŸ¥¹,ey s kh kiáº¿m kem trÃªn cÃ¡i náº¯p,8,1758965953,Ã‚m thanh ráº¥c lÃ  chÃ¢n tháº­t luÃ´n Ä‘Ã³ ðŸ¥¹#viralvideo #xuhuong #xuhuongtiktok #thinhhanh,NOT_HATE_SPEECH,1.0,"The comment is a question, not an insult or attack."
7554718708867629841,7554425776771271954,Sinh tá»‘ bÆ¡,Fake or real ?,fake or real ?,5,1758970033,Ã‚m thanh ráº¥c lÃ  chÃ¢n tháº­t luÃ´n Ä‘Ã³ ðŸ¥¹#viralvideo #xuhuong #xuhuongtiktok #thinhhanh,NOT_HATE_SPEECH,1.0,"The comment is a question about authenticity, which is neutral."
7554781344649446161,7554425776771271954,bÃ¡nh canh bá»™t má»³,Gáº¥c nÃ  thÃ­ch trÃ  sá»¯a báº¡c hÃ  á»Ÿ Xing Fu Cha nha,gáº¥c nÃ  thÃ­ch trÃ  sá»¯a báº¡c hÃ  á»Ÿ xing fu cha nha,9,1758984613,Ã‚m thanh ráº¥c lÃ  chÃ¢n tháº­t luÃ´n Ä‘Ã³ ðŸ¥¹#viralvideo #xuhuong #xuhuongtiktok #thinhhanh,NOT_HATE_SPEECH,1.0,"The comment expresses a specific taste preference, which is neutral."
7554641908396475143,7554425776771271954,Gia Ä‘Ã¬nh Hehe ðŸ,"tháº¥y video cÃ¡i lÆ°á»›t vÃ o trang tiktok tháº¥y á»Ÿ pháº¡m nhÆ° xÆ°Æ¡ng, xa quÃ¡ xa chá»— tuu","tháº¥y video cÃ¡i lÆ°á»›t vÃ o trang tiktok tháº¥y á»Ÿ pháº¡m nhÆ° xÆ°Æ¡ng, xa quÃ¡ xa chá»— tuu",7,1758952144,Ã‚m thanh ráº¥c lÃ  chÃ¢n tháº­t luÃ´n Ä‘Ã³ ðŸ¥¹#viralvideo #xuhuong #xuhuongtiktok #thinhhanh,NOT_HATE_SPEECH,1.0,"The comment expresses disappointment about location, which is neutral."
7554723497337160456,7554425776771271954,TRINH PHUONG ANH,NhÃ¬n mÃ  muá»‘n tÄƒng insulin liá»n ðŸ˜³,nhÃ¬n mÃ  muá»‘n tÄƒng insulin liá»n,5,1758971142,Ã‚m thanh ráº¥c lÃ  chÃ¢n tháº­t luÃ´n Ä‘Ã³ ðŸ¥¹#viralvideo #xuhuong #xuhuongtiktok #thinhhanh,NOT_HATE_SPEECH,1.0,"The comment is a humorous exaggeration about the effect of the drink on blood sugar, not an insult or attack."
7554659825965122322,7554425776771271954,TrÃ  Sá»¯a XingFu Cha,quÃ¡ Ä‘Ã£ luon áº¡ ðŸ¥°ðŸ¥°ðŸ¥°,quÃ¡ Ä‘Ã£ luon áº¡,9,1758956318,Ã‚m thanh ráº¥c lÃ  chÃ¢n tháº­t luÃ´n Ä‘Ã³ ðŸ¥¹#viralvideo #xuhuong #xuhuongtiktok #thinhhanh,NOT_HATE_SPEECH,1.0,"The comment is a positive affirmation from the brand account, which is positive."
7554658177972781831,7554425776771271954,suka,giá»‘ng kem trá»™n thiet sá»±ðŸ¤£,giá»‘ng kem trá»™n thiet sá»±,5,1758955937,Ã‚m thanh ráº¥c lÃ  chÃ¢n tháº­t luÃ´n Ä‘Ã³ ðŸ¥¹#viralvideo #xuhuong #xuhuongtiktok #thinhhanh,NOT_HATE_SPEECH,1.0,"The comment makes a comparison, which is neutral."
7554665184808780552,7554425776771271954,Tháº£o Babyyy,Xin tÃªn mÃ³n Ä‘i áº¡,xin tÃªn mÃ³n Ä‘i áº¡,54,1758957565,Ã‚m thanh ráº¥c lÃ  chÃ¢n tháº­t luÃ´n Ä‘Ã³ ðŸ¥¹#viralvideo #xuhuong #xuhuongtiktok #thinhhanh,NOT_HATE_SPEECH,1.0,"The comment is a question seeking information about the product name, which is neutral."
7554649018322158352,7554425776771271954,ê°€ì„ ðŸ‚,"S mÃ¬nh tÃ¬m trÃªn app k ra váº­y áº¡ , tha thiáº¿t tÃ¬m chá»— bÃ¡n cá»‘c trÃ  sá»¯a nÃ y áº¡","s mÃ¬nh tÃ¬m trÃªn app k ra váº­y áº¡ , tha thiáº¿t tÃ¬m chá»— bÃ¡n cá»‘c trÃ  sá»¯a nÃ y áº¡",5,1758953835,Ã‚m thanh ráº¥c lÃ  chÃ¢n tháº­t luÃ´n Ä‘Ã³ ðŸ¥¹#viralvideo #xuhuong #xuhuongtiktok #thinhhanh,NOT_HATE_SPEECH,1.0,"The comment is a question seeking information about product availability, which is neutral."
7554985077877359368,7554425776771271954,ë°±ì„ ë¯¸011,Sao uá»‘ng Ä‘Æ°á»£c trá»i bá»‡nh cháº¿t luÃ´n ðŸ¥º,sao uá»‘ng Ä‘Æ°á»£c trá»i bá»‡nh cháº¿t luÃ´n,10,1759032045,Ã‚m thanh ráº¥c lÃ  chÃ¢n tháº­t luÃ´n Ä‘Ã³ ðŸ¥¹#viralvideo #xuhuong #xuhuongtiktok #thinhhanh,NOT_HATE_SPEECH,1.0,"The comment expresses a concern about health consequences, which is a personal opinion/concern, not an insult or attack."
7554728118276834056,7554425776771271954,hoanganh,á»Ÿ hÃ  ná»™i cÃ³ ko áº¡aa ðŸ˜­ðŸ˜­,á»Ÿ hÃ  ná»™i cÃ³ ko áº¡aa,6,1758972217,Ã‚m thanh ráº¥c lÃ  chÃ¢n tháº­t luÃ´n Ä‘Ã³ ðŸ¥¹#viralvideo #xuhuong #xuhuongtiktok #thinhhanh,NOT_HATE_SPEECH,1.0,"The comment is a question seeking information about location, which is neutral."
7554429028862935816,7554425776771271954,Crryenjunnie,11h Ä‘Ãªm gáº·p trÃºng vid nayg =)),11h Ä‘Ãªm gáº·p trÃºng vid nayg =)),9,1758902579,Ã‚m thanh ráº¥c lÃ  chÃ¢n tháº­t luÃ´n Ä‘Ã³ ðŸ¥¹#viralvideo #xuhuong #xuhuongtiktok #thinhhanh,NOT_HATE_SPEECH,1.0,"The comment notes the late time of viewing the video, which is a neutral observation."
7554701376099173128,7554425776771271954,ë‹¤ë‹¤,Táº¡i saooo ko cÃ³ á»Ÿ SG huhuuuuu,táº¡i saooo ko cÃ³ á»Ÿ sg huhuuuuu,7,1758965992,Ã‚m thanh ráº¥c lÃ  chÃ¢n tháº­t luÃ´n Ä‘Ã³ ðŸ¥¹#viralvideo #xuhuong #xuhuongtiktok #thinhhanh,NOT_HATE_SPEECH,1.0,"The comment expresses disappointment about product availability, which is neutral."
7554807670399845127,7554425776771271954,Thanh Thanh2207,Bao nhiÃªu xÃ¨n 1 ly nv c Æ¡i thÃ¨m quÃ¡ trá»i,bao nhiÃªu xÃ¨n 1 ly nv c Æ¡i thÃ¨m quÃ¡ trá»i,6,1758990741,Ã‚m thanh ráº¥c lÃ  chÃ¢n tháº­t luÃ´n Ä‘Ã³ ðŸ¥¹#viralvideo #xuhuong #xuhuongtiktok #thinhhanh,NOT_HATE_SPEECH,1.0,"The comment is a question seeking information about price, expressing desire, which is neutral."
7554513312835535634,7554425776771271954,Æ ,á»ž Ä‘Ã¢u bÃ¡n ly nÃ y z áº¡,á»Ÿ Ä‘Ã¢u bÃ¡n ly nÃ y z áº¡,16,1758922214,Ã‚m thanh ráº¥c lÃ  chÃ¢n tháº­t luÃ´n Ä‘Ã³ ðŸ¥¹#viralvideo #xuhuong #xuhuongtiktok #thinhhanh,NOT_HATE_SPEECH,1.0,"The comment is a question seeking information about location, which is neutral."
7554687352363631381,7554425776771271954,MÃ¨o,CÃ¡i nÃ y lÃ  mÃ³n j Z mÃ¡y bÃ ,cÃ¡i nÃ y lÃ  mÃ³n j z mÃ¡y bÃ ,6,1758962727,Ã‚m thanh ráº¥c lÃ  chÃ¢n tháº­t luÃ´n Ä‘Ã³ ðŸ¥¹#viralvideo #xuhuong #xuhuongtiktok #thinhhanh,NOT_HATE_SPEECH,1.0,"The comment is a question seeking information about the dish, which is neutral."
7554539518990091015,7554425776771271954,Nguyá»…n Thá»‹ Má»¹ TrÃ¢531,TÃªn mÃ³n lÃ  gÃ¬ v áº¡,tÃªn mÃ³n lÃ  gÃ¬ v áº¡,19,1758928317,Ã‚m thanh ráº¥c lÃ  chÃ¢n tháº­t luÃ´n Ä‘Ã³ ðŸ¥¹#viralvideo #xuhuong #xuhuongtiktok #thinhhanh,NOT_HATE_SPEECH,1.0,"The comment is a question seeking information about the dish name, which is neutral."
7554620814986887954,7554425776771271954,TrÃ  My,Mua á»Ÿ pháº¡m nhÆ° xÆ°Æ¡ng háº£ b,mua á»Ÿ pháº¡m nhÆ° xÆ°Æ¡ng háº£ b,5,1758947237,Ã‚m thanh ráº¥c lÃ  chÃ¢n tháº­t luÃ´n Ä‘Ã³ ðŸ¥¹#viralvideo #xuhuong #xuhuongtiktok #thinhhanh,NOT_HATE_SPEECH,1.0,"The comment is a question seeking confirmation about location, which is neutral."
7554609279556633351,7554425776771271954,nÃ o thiáº¿u Ãºy Khoa Ä‘á»•i tÃªn ngay,mÃ³n gÃ¬ v áº¡,mÃ³n gÃ¬ v áº¡,8,1758944551,Ã‚m thanh ráº¥c lÃ  chÃ¢n tháº­t luÃ´n Ä‘Ã³ ðŸ¥¹#viralvideo #xuhuong #xuhuongtiktok #thinhhanh,NOT_HATE_SPEECH,1.0,"The comment is a question seeking information about the dish name, which is neutral."
7554763872558859016,7554425776771271954,ðŸ· CHUYá»€N ðŸ·,Uá»‘ng ly nÃ y tÄƒng 8 kÃ­ liá»n táº¡i chá»—.,uá»‘ng ly nÃ y tÄƒng 8 kÃ­ liá»n táº¡i chá»—.,3,1758980546,Ã‚m thanh ráº¥c lÃ  chÃ¢n tháº­t luÃ´n Ä‘Ã³ ðŸ¥¹#viralvideo #xuhuong #xuhuongtiktok #thinhhanh,NOT_HATE_SPEECH,1.0,"The comment is a humorous exaggeration about weight gain, not an insult or attack."
7554824532969816850,7554425776771271954,ç¾Žä¸½çš„-tá»· tá»·,0:37ðŸ˜­,0:37,3,1758994665,Ã‚m thanh ráº¥c lÃ  chÃ¢n tháº­t luÃ´n Ä‘Ã³ ðŸ¥¹#viralvideo #xuhuong #xuhuongtiktok #thinhhanh,NOT_HATE_SPEECH,1.0,"The comment is a timestamp, which is neutral."
7554760487080330002,7554425776771271954,ÄÄƒng Quang,+5kg,+5kg,4,1758979753,Ã‚m thanh ráº¥c lÃ  chÃ¢n tháº­t luÃ´n Ä‘Ã³ ðŸ¥¹#viralvideo #xuhuong #xuhuongtiktok #thinhhanh,NOT_HATE_SPEECH,1.0,"The comment is a humorous exaggeration about weight gain, not an insult or attack."
7554794509628949266,7554425776771271954,LÃª PhÆ°Æ¡ng Äiá»u,22:41 thÃ¨m ngang ðŸ¥¹,22:41 thÃ¨m ngang,4,1758987672,Ã‚m thanh ráº¥c lÃ  chÃ¢n tháº­t luÃ´n Ä‘Ã³ ðŸ¥¹#viralvideo #xuhuong #xuhuongtiktok #thinhhanh,NOT_HATE_SPEECH,1.0,"The comment notes the time and expresses a craving, which is a personal statement."
7554769365251015431,7554425776771271954,BÃ© Miu hay dá»—i ðŸ§ðŸ»â€â™€ï¸,"ðŸ˜¹ ÃŠ nha,","Ãª nha,",4,1758981819,Ã‚m thanh ráº¥c lÃ  chÃ¢n tháº­t luÃ´n Ä‘Ã³ ðŸ¥¹#viralvideo #xuhuong #xuhuongtiktok #thinhhanh,NOT_HATE_SPEECH,1.0,"The comment is an interjection, which is neutral."
7554694264816272146,7554425776771271954,HoÃ ng Ãnh ThÆ°,Quao,quao,4,1758964336,Ã‚m thanh ráº¥c lÃ  chÃ¢n tháº­t luÃ´n Ä‘Ã³ ðŸ¥¹#viralvideo #xuhuong #xuhuongtiktok #thinhhanh,NOT_HATE_SPEECH,1.0,"The comment expresses admiration ('quao'), which is positive."
7555551607833641749,7554581174400716040,MÃœZÃ‚MÃŒLðŸ˜˜ BÃ‚LÃ˜Ã‡HâœŒï¸,plzz support my account ðŸ™ˆ,plzz support my account,1,1759163952,"(Theo CÃ´ng An Tá»‰nh PhÃº Thá») Do ghen tuÃ´ng, Ä‘á»‘i tÆ°á»£ng VÅ© PhÆ°Æ¡ng Nhung (SN 1987, PhÃº Thá») Ä‘Ã£ khiáº¿n 3 ngÆ°á»i tá»­ vong #VTVcab #vtvcabxahoi #tiktoknews",NOT_HATE_SPEECH,1.0,"The comment is a request for social media support, which is neutral."
7557258004300579585,7554581174400716040,VÅ© PhÆ°Æ¡ng Nhung,Táº¡i vá»¥ nÃ y mÃ  TikTok em ná»•i ðŸ¥²,táº¡i vá»¥ nÃ y mÃ  tiktok em ná»•i,0,1759561258,"(Theo CÃ´ng An Tá»‰nh PhÃº Thá») Do ghen tuÃ´ng, Ä‘á»‘i tÆ°á»£ng VÅ© PhÆ°Æ¡ng Nhung (SN 1987, PhÃº Thá») Ä‘Ã£ khiáº¿n 3 ngÆ°á»i tá»­ vong #VTVcab #vtvcabxahoi #tiktoknews",NOT_HATE_SPEECH,1.0,"The comment is a personal reflection on gaining popularity from a certain event, not an insult or attack."
7555001867522016007,7554763984021523719,thieedy ðŸ’©,tay cá»§a chá»‰ Ä‘áº¹p,tay cá»§a chá»‰ Ä‘áº¹p,271,1759035955,#xuhuong #tiktok #fyp #trending,NOT_HATE_SPEECH,1.0,"The comment is a compliment ('tay cá»§a chá»‰ Ä‘áº¹p'), which is positive."
7554932755939951368,7554763984021523719,Phuong Vy,Cj tom oi rep em mÃ£i em ms tÃ¬m Ä‘c acc cj,cj tom oi rep em mÃ£i em ms tÃ¬m Ä‘c acc cj,116,1759019864,#xuhuong #tiktok #fyp #trending,NOT_HATE_SPEECH,1.0,"The comment expresses a desire to connect with the creator ('cj tom oi rep em mÃ£i em ms tÃ¬m Ä‘c acc cj'), which is positive."
7554950381608928007,7554763984021523719,Ngá»c anhh,cÃ¡i avata bÃ  nÃ y giá»‘ng hoÃ ng lan anh,cÃ¡i avata bÃ  nÃ y giá»‘ng hoÃ ng lan anh,97,1759023968,#xuhuong #tiktok #fyp #trending,NOT_HATE_SPEECH,1.0,"The comment makes a comparison of appearance ('giá»‘ng hoÃ ng lan anh'), which is neutral."
7555133573226382088,7554763984021523719,Nho chong cÅ©â—ï¸,Me ci chÄƒm khÃ©o thÃ­ðŸ¥°,me ci chÄƒm khÃ©o thÃ­,16,1759066618,#xuhuong #tiktok #fyp #trending,NOT_HATE_SPEECH,0.9,"The comment 'me ci chÄƒm khÃ©o thÃ­' seems to be a compliment about someone's care or skill ('khÃ©o thÃ­' - so skillful), which is positive. 'Me ci' might be a colloquial way of saying 'em gÃ¡i' (younger sister) or similar."
7555903785404465928,7554763984021523719,minðŸŒ·,chá»‰ xinh háº¿t má»©c cho phÃ©p rá»“i chá»‹ oiiii,chá»‰ xinh háº¿t má»©c cho phÃ©p rá»“i chá»‹ oiiii,3,1759245948,#xuhuong #tiktok #fyp #trending,NOT_HATE_SPEECH,1.0,"The comment is a compliment ('chá»‰ xinh háº¿t má»©c cho phÃ©p rá»“i chá»‹ oiiii'), which is positive."
7554788540687057680,7554763984021523719,Yáº¿n Nhii,Ai cÃ³ acc tÃ©p Há»“ng,ai cÃ³ acc tÃ©p há»“ng,9,1758986291,#xuhuong #tiktok #fyp #trending,NOT_HATE_SPEECH,1.0,"The comment is a question seeking information about another user, which is neutral."
7554929736612365064,7554763984021523719,ko coÌ tÃªn,chá»‹ Tom xinh quÃ¡,chá»‹ tom xinh quÃ¡,13,1759019471,#xuhuong #tiktok #fyp #trending,NOT_HATE_SPEECH,1.0,"The comment is a compliment ('chá»‹ tom xinh quÃ¡'), which is positive."
7556589510927549202,7554763984021523719,><,bÃ£ xink Ã¡cðŸ¥°,bÃ£ xink Ã¡c,1,1759405607,#xuhuong #tiktok #fyp #trending,NOT_HATE_SPEECH,1.0,"The comment is a compliment ('bÃ£ xink Ã¡c' - she's fiercely pretty), which is positive."
7554940315314029330,7554763984021523719,24h miss anhhðŸ«°,xÃªnh quÃ¡ cj ui,xÃªnh quÃ¡ cj ui,2,1759021630,#xuhuong #tiktok #fyp #trending,NOT_HATE_SPEECH,1.0,"The comment is a compliment ('xÃªnh quÃ¡ cj ui'), which is positive."
7555747313296196370,7554763984021523719,â”,Bt xinhgaii roiiðŸ’—,bt xinhgaii roii,1,1759209520,#xuhuong #tiktok #fyp #trending,NOT_HATE_SPEECH,1.0,"The comment is a statement acknowledging beauty ('bt xinhgaii roii' - already know she's pretty), which is positive."
7555852839731331858,7554763984021523719,Munn juu~,repp iemm zá»›ii Tom oii,repp iemm zá»›ii tom oii,1,1759234087,#xuhuong #tiktok #fyp #trending,NOT_HATE_SPEECH,1.0,"The comment is a request for a response from the creator, which is neutral."
7562912657138647816,7554763984021523719,9 t h 1 0 ðŸ˜,BÃ¢y h ms kiáº¿m nick cá»¥a cj dc Ã²iiiðŸ’—,bÃ¢y h ms kiáº¿m nick cá»¥a cj dc Ã²iii,0,1760877829,#xuhuong #tiktok #fyp #trending,NOT_HATE_SPEECH,1.0,"The comment expresses excitement about finding the creator's account, which is positive."
7555381453875512084,7554763984021523719,Bii thÃ­ch cáº§u lÃ´ngðŸ‘¾ðŸ¸,c nÃ y quen quen taa,c nÃ y quen quen taa,1,1759124337,#xuhuong #tiktok #fyp #trending,NOT_HATE_SPEECH,1.0,"The comment expresses a feeling of recognition ('c nÃ y quen quen taa'), which is neutral."
7555398436514956052,7554763984021523719,s.,há»™ vd 3 vs áº¡,há»™ vd 3 vs áº¡,1,1759128288,#xuhuong #tiktok #fyp #trending,NOT_HATE_SPEECH,1.0,"The comment is a request for engagement ('há»™ vd 3 vs áº¡'), which is neutral."
7556130172104016648,7554763984021523719,ðŸ’–,Báº£ Ä‘áº¹p Ä‘in â˜¹,báº£ Ä‘áº¹p Ä‘in,1,1759298661,#xuhuong #tiktok #fyp #trending,NOT_HATE_SPEECH,1.0,"The comment is a compliment ('báº£ Ä‘áº¹p Ä‘in' - she's crazy beautiful), which is positive."
7556250459939062536,7554763984021523719,Klyy,tom xinh láº¯m tom oi ðŸ’—ðŸ’—ðŸ’—,tom xinh láº¯m tom oi,1,1759326664,#xuhuong #tiktok #fyp #trending,NOT_HATE_SPEECH,1.0,"The comment is a compliment ('tom xinh láº¯m tom oi'), which is positive."
7556103924064338706,7554763984021523719,adukhanhhuyen16,Sao báº£ Ä‘áº¹p zá»¯ záº­y chÃ²iiiii,sao báº£ Ä‘áº¹p zá»¯ záº­y chÃ²iiiii,2,1759292547,#xuhuong #tiktok #fyp #trending,NOT_HATE_SPEECH,1.0,"The comment is a compliment ('sao báº£ Ä‘áº¹p zá»¯ záº­y chÃ²iiiii'), which is positive."
7554766194432656146,7554763984021523719,phamngocanh,chá»‹ tháº¿,chá»‹ tháº¿,0,1758981081,#xuhuong #tiktok #fyp #trending,NOT_HATE_SPEECH,1.0,"The comment is a short, neutral statement ('chá»‹ tháº¿'), likely an acknowledgment."
7555305880369218320,7554763984021523719,kd,troi Æ¡i Ä‘áº¹p thÃ­ cj tom,troi Æ¡i Ä‘áº¹p thÃ­ cj tom,1,1759106760,#xuhuong #tiktok #fyp #trending,NOT_HATE_SPEECH,1.0,"The comment is a compliment ('troi Æ¡i Ä‘áº¹p thÃ­ cj tom'), which is positive."
7555724736212665105,7554763984021523719,dthiathuðŸŒ»,TÆ°á»Ÿng em cá»§a BÃ¹i Thu TrÃ â˜º,tÆ°á»Ÿng em cá»§a bÃ¹i thu trÃ ,1,1759204291,#xuhuong #tiktok #fyp #trending,NOT_HATE_SPEECH,1.0,"The comment makes a comparison of appearance, which is neutral."
7555435157060240129,7554763984021523719,â™ª,Æ°á»›c Ä‘c chá»‹ tom rep â¤,Æ°á»›c Ä‘c chá»‹ tom rep,1,1759136849,#xuhuong #tiktok #fyp #trending,NOT_HATE_SPEECH,1.0,"The comment expresses a wish to receive a response from the creator, which is neutral."
7555738126891664146,7554763984021523719,BonðŸ¤Ž,troii báº£ dá»‹u kia troiiii,troii báº£ dá»‹u kia troiiii,1,1759207376,#xuhuong #tiktok #fyp #trending,NOT_HATE_SPEECH,1.0,"The comment is a compliment ('troii báº£ dá»‹u kia troiiii' - she's so gentle/graceful), which is positive."
7555084045283525377,7554763984021523719,NgÃ¢n,cj xinh quÃ¡ mong cj rep quÃ¡,cj xinh quÃ¡ mong cj rep quÃ¡,1,1759055119,#xuhuong #tiktok #fyp #trending,NOT_HATE_SPEECH,1.0,"The comment is a compliment and a request for a response, which is positive/neutral."
7555007361246937874,7554763984021523719,ð¡ðšð¯ð² ð™š,Tomm rep emm,tomm rep emm,2,1759037237,#xuhuong #tiktok #fyp #trending,NOT_HATE_SPEECH,1.0,"The comment is a request for a response from the creator, which is neutral."
7554939522409480978,7554763984021523719,3th1 ðŸ’«,mong Ä‘c cj rep áº¡ ðŸ¥°,mong Ä‘c cj rep áº¡,1,1759021446,#xuhuong #tiktok #fyp #trending,NOT_HATE_SPEECH,1.0,"The comment is a request for a response from the creator, which is neutral."
7554992947311018759,7554763984021523719,ðŸŒ±,Chá»‹ Tom rep e Ä‘i áº¡ðŸ¥°,chá»‹ tom rep e Ä‘i áº¡,1,1759033879,#xuhuong #tiktok #fyp #trending,NOT_HATE_SPEECH,1.0,"The comment is a request for a response from the creator, which is neutral."
7560665187658056456,7554763984021523719,ðŸ–¤,lÆ°á»›t xuá»‘ng tháº¥y máº¹ tomðŸ˜ðŸ˜,lÆ°á»›t xuá»‘ng tháº¥y máº¹ tom,1,1760354549,#xuhuong #tiktok #fyp #trending,NOT_HATE_SPEECH,1.0,"The comment expresses recognition upon seeing the creator's content, which is neutral."
7554956758490596114,7554763984021523719,xinchaomoinguoi119,Æ¯á»›c chá»‹ tomm fl.xinh quÃ¡ r Ä‘Ã³á»‘ðŸ¥°,Æ°á»›c chá»‹ tomm fl.xinh quÃ¡ r Ä‘Ã³á»‘,1,1759025455,#xuhuong #tiktok #fyp #trending,NOT_HATE_SPEECH,1.0,"The comment expresses a wish for social media engagement and a compliment ('xinh quÃ¡ r Ä‘Ã³á»‘'), which is positive."
7554939147837653781,7554763984021523719,_thanhthao12_,áº£ xinhh kÃ¬a,áº£ xinhh kÃ¬a,1,1759021362,#xuhuong #tiktok #fyp #trending,NOT_HATE_SPEECH,1.0,"The comment is a compliment ('áº£ xinhh kÃ¬a'), which is positive."
7555808147547259666,7554763984021523719,ðŸŽ€ ð“‚á»¹ Æ¯á»›ð“‰ð“‰ ðŸŽ€,Mongg chá»‹ Ä‘c rep ðŸ˜ðŸ˜ðŸ˜ðŸ’—ðŸ’—,mongg chá»‹ Ä‘c rep,1,1759223685,#xuhuong #tiktok #fyp #trending,NOT_HATE_SPEECH,1.0,"The comment expresses a wish to receive a response from the creator, which is neutral."
7554959486605607687,7554763984021523719,ð™‰ð™ð™§ð™–ð™¬ð™£ðŸ¬,Tuii Ä‘c rep khumm taa,tuii Ä‘c rep khumm taa,1,1759026089,#xuhuong #tiktok #fyp #trending,NOT_HATE_SPEECH,1.0,"The comment is a question expressing hope for a response from the creator, which is neutral."
7554940907607524104,7554763984021523719,â‹† ð™š ÌŠ.mpâ‹† ð™š ÌŠ.,Chj Tom xinhh heeðŸ˜,chj tom xinhh hee,1,1759021761,#xuhuong #tiktok #fyp #trending,NOT_HATE_SPEECH,1.0,"The comment is a compliment ('chj tom xinhh hee'), which is positive."
7555730336107021076,7554763984021523719,ok nhÆ° nÃ o cÅ©ng Ä‘Æ°á»£c ðŸ‘ŽðŸ»,bl thá»© 100,bl thá»© 100,3,1759205567,#xuhuong #tiktok #fyp #trending,NOT_HATE_SPEECH,1.0,"The comment is a neutral observation about the comment count, not an insult or attack."
7554990776876598024,7554763984021523719,"BeeðŸðŸ“ðŸ–‡ðŸ¤ ( T02 , D01 )",cj tom xinh Ã¡c luÃ´n Ã¡â¤,cj tom xinh Ã¡c luÃ´n Ã¡,1,1759033375,#xuhuong #tiktok #fyp #trending,NOT_HATE_SPEECH,1.0,"The comment is a compliment ('cj tom xinh Ã¡c luÃ´n Ã¡'), which is positive."
7554987783459635976,7554763984021523719,carbon dioxide,chá»‹ nÃ y xinh,chá»‹ nÃ y xinh,1,1759032674,#xuhuong #tiktok #fyp #trending,NOT_HATE_SPEECH,1.0,"The comment is a compliment ('chá»‹ nÃ y xinh'), which is positive."
7554945951493997319,7554763984021523719,DÆ°Æ¡ng táº»n ðŸŒ»,chá»‹ tom Æ¡i rep em ðŸ’—,chá»‹ tom Æ¡i rep em,1,1759022941,#xuhuong #tiktok #fyp #trending,NOT_HATE_SPEECH,1.0,"The comment is a request for a response from the creator, which is neutral."
7554910606147814152,7554763984021523719,ThÆ° ðŸŒ·,tom Æ¡i rep emi Ä‘iiiiðŸ¥°ðŸ¥°,tom Æ¡i rep emi Ä‘iiii,1,1759014715,#xuhuong #tiktok #fyp #trending,NOT_HATE_SPEECH,1.0,"The comment is a request for a response from the creator, which is neutral."
7555086617103450897,7554763984021523719,m40ðŸ’—,Æ¯á»›c Ä‘c chá»‹ rep má»™t láº§n,Æ°á»›c Ä‘c chá»‹ rep má»™t láº§n,2,1759055691,#xuhuong #tiktok #fyp #trending,NOT_HATE_SPEECH,1.0,"The comment expresses a wish to receive a response from the creator, which is neutral."
7556421518645854983,7554763984021523719,Linh,mÃ¡ Æ¡i cuá»‘i cung má»›i tháº¥y Ä‘Æ°á»£c acc báº£ theo dÃµi lÃ¢u láº¯m luÃ´n rá»“i Ä‘Ã£ quÃ¡ chá»‹ iu oiii,mÃ¡ Æ¡i cuá»‘i cung má»›i tháº¥y Ä‘Æ°á»£c acc báº£ theo dÃµi lÃ¢u láº¯m luÃ´n rá»“i Ä‘Ã£ quÃ¡ chá»‹ iu oiii,1,1759366495,#xuhuong #tiktok #fyp #trending,NOT_HATE_SPEECH,1.0,"The comment expresses excitement and happiness about finding the creator's account, which is positive."
7555096506380059400,7554763984021523719,Trang LÃª,xinh quÃ¡ chá»‹ Tom oi ( mong chá»‹ rep),xinh quÃ¡ chá»‹ tom oi ( mong chá»‹ rep),1,1759057994,#xuhuong #tiktok #fyp #trending,NOT_HATE_SPEECH,1.0,"The comment is a compliment and a request for a response, which is positive/neutral."
7554778138140672775,7554763984021523719,NyNy(nie di)ðŸŒ·,cj Tom Æ¡i rep e ðŸ˜»,cj tom Æ¡i rep e,2,1758983860,#xuhuong #tiktok #fyp #trending,NOT_HATE_SPEECH,1.0,"The comment is a request for a response from the creator, which is neutral."
7554764893646291719,7554763984021523719,Math.,Xink qÃ¡ c Æ¡iðŸ’–,xink qÃ¡ c Æ¡i,3,1758980781,#xuhuong #tiktok #fyp #trending,NOT_HATE_SPEECH,1.0,"The comment is a compliment ('xink qÃ¡ c Æ¡i'), which is positive."
7555097354425942792,7554763984021523719,ðŸ˜—,chá»‹ rep em sÄ© cáº£ Ä‘á»i,chá»‹ rep em sÄ© cáº£ Ä‘á»i,2,1759058186,#xuhuong #tiktok #fyp #trending,NOT_HATE_SPEECH,1.0,"The comment expresses a strong desire for a response, stating it would be a lifetime brag, which is positive/neutral."
7554995848610890514,7554763984021523719,N,Chá»‹ repp iemm voiii chá»‹ depp quaa,chá»‹ repp iemm voiii chá»‹ depp quaa,1,1759034552,#xuhuong #tiktok #fyp #trending,NOT_HATE_SPEECH,1.0,"The comment is a compliment and a request for a response, which is positive/neutral."
7555843200801260304,7554763984021523719,CÃ¡nh cá»¥tðŸ§,thá»­ thÃ¡ch nÃ­n thá»Ÿ chá» vj repðŸ˜…,thá»­ thÃ¡ch nÃ­n thá»Ÿ chá» vj rep,1,1759231855,#xuhuong #tiktok #fyp #trending,NOT_HATE_SPEECH,1.0,"The comment describes a humorous personal challenge related to waiting for a response, which is neutral."
7555082542572159762,7554763984021523719,nhÃ¬n dell gÃ¬?,"cuá»‘i cÃ¹ng cÅ©ng tÃ¬m Ä‘c ac chá»‰ mong chá»‰ rep thoiii,chá»‰ mÃ  rep tháº­t lÃ  sÄ© cáº£ Ä‘á»iðŸ˜˜","cuá»‘i cÃ¹ng cÅ©ng tÃ¬m Ä‘c ac chá»‰ mong chá»‰ rep thoiii,chá»‰ mÃ  rep tháº­t lÃ  sÄ© cáº£ Ä‘á»i",1,1759054849,#xuhuong #tiktok #fyp #trending,NOT_HATE_SPEECH,1.0,"The comment expresses happiness about finding the creator's account and a strong desire for a response, which is positive/neutral."
7554764864858653458,7554763984021523719,ðŸª·,sá»›m idol rep e,sá»›m idol rep e,1,1758980770,#xuhuong #tiktok #fyp #trending,NOT_HATE_SPEECH,1.0,"The comment expresses a wish for a response from the creator, which is neutral."
7555127306260775687,7554763984021523719,>.<,nÃªn tim hong ta,nÃªn tim hong ta,1,1759065158,#xuhuong #tiktok #fyp #trending,NOT_HATE_SPEECH,1.0,"The comment is a rhetorical question about engagement, which is neutral."
7554764944685024007,7554763984021523719,.,sá»›m nÃ¨ chj TomðŸ¥°,sá»›m nÃ¨ chj tom,1,1758980791,#xuhuong #tiktok #fyp #trending,NOT_HATE_SPEECH,1.0,"The comment is a short, neutral statement ('sá»›m nÃ¨ chj tom'), likely an expression of timeliness or presence."
7554775884366201621,7554763984021523719,2014,tom oi rep iemmðŸ’“,tom oi rep iemm,1,1758983341,#xuhuong #tiktok #fyp #trending,NOT_HATE_SPEECH,1.0,"The comment is a request for a response from the creator, which is neutral."
7555499508214448897,7554763984021523719,Khuongg Duyy,chá»‹ rep em lÃ  Äi khoe nguyÃªn cÃ¡i Tiktok,chá»‹ rep em lÃ  Ä‘i khoe nguyÃªn cÃ¡i tiktok,1,1759151822,#xuhuong #tiktok #fyp #trending,NOT_HATE_SPEECH,1.0,"The comment expresses a strong desire for a response, stating it would be a major bragging point, which is positive/neutral."
7554784502909141767,7554763984021523719,TrÃ¢n,chá»‹ dÃ¹ng pp nÃ o váº­y áº­,chá»‹ dÃ¹ng pp nÃ o váº­y áº­,0,1758985344,#xuhuong #tiktok #fyp #trending,NOT_HATE_SPEECH,1.0,"The comment is a question seeking information about a method, which is neutral."
7554959006293476116,7554763984021523719,Tráº§n Thanh Vy,Háº¿t chá»• chÃª,háº¿t chá»• chÃª,0,1759025976,#xuhuong #tiktok #fyp #trending,NOT_HATE_SPEECH,1.0,"The comment is a strong compliment ('háº¿t chá»• chÃª' - beyond fault), which is positive."
7554939334445515521,7554763984021523719,ððšð¨ðð ð¨ðœð“ðšð¦ð“ð«ðšð§ð ,"tr oi tÃ¬m k ra mÃ  h lÆ°á»›t tháº¥y , dthw quÃ¡ c ieu oii","tr oi tÃ¬m k ra mÃ  h lÆ°á»›t tháº¥y , dthw quÃ¡ c ieu oii",0,1759021399,#xuhuong #tiktok #fyp #trending,NOT_HATE_SPEECH,1.0,"The comment expresses happiness about finding the creator's account and gives a compliment ('dthw quÃ¡ c ieu oii' - too cute, my love), which is positive."
7554920811673420562,7554763984021523719,ðŸ‘‘,muá»™n gÃ²i chá»‹ khum bt cÃ³ rep ko áº¡,muá»™n gÃ²i chá»‹ khum bt cÃ³ rep ko áº¡,0,1759017087,#xuhuong #tiktok #fyp #trending,NOT_HATE_SPEECH,1.0,"The comment expresses doubt about receiving a response due to the late timing, which is neutral."
7557622693391188744,7554763984021523719,nhaky,chá»‹ cá»§a chá»‹ nghi nÃ¨,chá»‹ cá»§a chá»‹ nghi nÃ¨,0,1759646162,#xuhuong #tiktok #fyp #trending,NOT_HATE_SPEECH,1.0,"The comment makes a relational statement ('chá»‹ cá»§a chá»‹ nghi nÃ¨'), which is neutral."
7556473314152825618,7554763984021523719,Káº¹o KitKatðŸ’“,Máº¥y nay Ä‘ang kiáº¿m bx nay tháº¥y acc chá»‹ luÃ´n nÃ¨ trá»iðŸ˜†,máº¥y nay Ä‘ang kiáº¿m bx nay tháº¥y acc chá»‹ luÃ´n nÃ¨ trá»i,0,1759378555,#xuhuong #tiktok #fyp #trending,NOT_HATE_SPEECH,1.0,"The comment expresses happiness about finding the creator's account after a long search, which is positive."
7555762275538256647,7554763984021523719,.,nháº­n up locket gold 30ca,nháº­n up locket gold 30ca,0,1759212999,#xuhuong #tiktok #fyp #trending,NOT_HATE_SPEECH,1.0,"The comment advertises a service, which is neutral."
7555760678495486727,7554763984021523719,Báº£o chi,Cj oi rep em,cj oi rep em,0,1759212633,#xuhuong #tiktok #fyp #trending,NOT_HATE_SPEECH,1.0,"The comment is a request for a response from the creator, which is neutral."
7558861945748734738,7554763984021523719,QueenðŸ³ ðŸŽðŸ¥‘,Æ°á»›c Ä‘c tom tim vd cho,Æ°á»›c Ä‘c tom tim vd cho,0,1759934699,#xuhuong #tiktok #fyp #trending,NOT_HATE_SPEECH,1.0,"The comment expresses a wish for social media engagement, which is neutral."
7555509669029921544,7554763984021523719,Fan ryder,cj tom cÃ³ chs roblox k áº¡,cj tom cÃ³ chs roblox k áº¡,0,1759154187,#xuhuong #tiktok #fyp #trending,NOT_HATE_SPEECH,1.0,"The comment is a question about the creator's gaming habits, which is neutral."
7555498640045048592,7554763984021523719,â“œâ“˜â“â“—â“—â“Ë– Ýð–¥” ÝË– ð™š Ë– Ýð–¥” ÝË–êˆâ—¡êˆ,Æ°á»›c gÃ¬ tay em thon nhÆ° cj,Æ°á»›c gÃ¬ tay em thon nhÆ° cj,0,1759151784,#xuhuong #tiktok #fyp #trending,NOT_HATE_SPEECH,1.0,"The comment expresses a wish about personal appearance, which is neutral/positive."
7555862970922091282,7554763984021523719,BnhiðŸ‘©â€â¤ï¸â€ðŸ‘©,cj cÃ³ biáº¿t lÃ  em Ä‘Ã£ bl máº¥y vd cá»§a cj mÃ  chx dc cj rep roi hokðŸ¥°,cj cÃ³ biáº¿t lÃ  em Ä‘Ã£ bl máº¥y vd cá»§a cj mÃ  chx dc cj rep roi hok,0,1759236448,#xuhuong #tiktok #fyp #trending,NOT_HATE_SPEECH,1.0,"The comment expresses a gentle complaint about not receiving a response despite multiple attempts, implying a desire for interaction, which is neutral."
7556497988626105096,7554763984021523719,:tranchau),Äá»£i mÃ£i chá»‰ ms chs tt,Ä‘á»£i mÃ£i chá»‰ ms chs tt,0,1759384297,#xuhuong #tiktok #fyp #trending,NOT_HATE_SPEECH,1.0,"The comment expresses anticipation and excitement about the creator's return to TikTok, which is positive."
7555846584551211792,7554763984021523719,Yenn Nhii ðŸ«¶ðŸ»,Rep iÃªm,rep iÃªm,0,1759232638,#xuhuong #tiktok #fyp #trending,NOT_HATE_SPEECH,1.0,"The comment is a request for a response from the creator, which is neutral."
7556497585763386130,7554763984021523719,ð‘¿.ð‘¸ð’–ð’šð’ð’‰á¶» ð—“ ð°,á»§a =)),á»§a =)),1,1759384203,#xuhuong #tiktok #fyp #trending,NOT_HATE_SPEECH,1.0,"The comment is an exclamation ('á»§a =))'), which is neutral."
7555046759018513170,7554763984021523719,love bÃ¡nh Nabati,tá»›i bÃ¢y giá» má»›i bt chá»‹ áº¥y Ä‘áº¹p cá»¡ nÃ o,tá»›i bÃ¢y giá» má»›i bt chá»‹ áº¥y Ä‘áº¹p cá»¡ nÃ o,1,1759046406,#xuhuong #tiktok #fyp #trending,NOT_HATE_SPEECH,1.0,"The comment expresses admiration ('tá»›i bÃ¢y giá» má»›i bt chá»‹ áº¥y Ä‘áº¹p cá»¡ nÃ o'), which is positive."
7556594205432677128,7554763984021523719,QuÃ½ Phi NÆ°Æ¡ng NÆ°Æ¡ng,Nay lá»›n â¤,nay lá»›n,0,1759406703,#xuhuong #tiktok #fyp #trending,NOT_HATE_SPEECH,1.0,"The comment is a neutral observation, possibly referring to growth or maturity ('nay lá»›n')."
7554765648641409810,7554763984021523719,Tom,bth tÃ n tÃ n mÃ  lÃªn Ä‘á»“ cx nÃ y ná»,bth tÃ n tÃ n mÃ  lÃªn Ä‘á»“ cx nÃ y ná»,2,1758980959,#xuhuong #tiktok #fyp #trending,NOT_HATE_SPEECH,1.0,"The comment is a self-deprecating or humble statement about personal appearance, not an insult or attack on others."
7561816544985285394,7554763984021523719,ðŸ–¤,báº£ xing,báº£ xing,0,1760622617,#xuhuong #tiktok #fyp #trending,NOT_HATE_SPEECH,1.0,"The comment is a compliment ('báº£ xing'), which is positive."
7556806643456197384,7554763984021523719,cÃºn nmp  á´¥,nhÃ¬n giá»‘ng bxa bon,nhÃ¬n giá»‘ng bxa bon,0,1759456163,#xuhuong #tiktok #fyp #trending,NOT_HATE_SPEECH,1.0,"The comment makes a comparison of appearance, which is neutral."
7556187142432719624,7554763984021523719,DÆ°Æ¡ng Duy Tháº¡ch,Táº£i Freetrip bÃº 50k Ä‘i ae Æ¡i,táº£i freetrip bÃº 50k Ä‘i ae Æ¡i,0,1759311926,#xuhuong #tiktok #fyp #trending,NOT_HATE_SPEECH,1.0,"The comment is an advertisement for an app, which is neutral."
7554956551653950215,7554770201380736274,VÄƒn Trung,viÃªn pin dá»± phÃ²ng Ä‘ang cháº¡y theo Ä‘Æ°á»ng sau kÃ¬aðŸ˜‚,viÃªn pin dá»± phÃ²ng Ä‘ang cháº¡y theo Ä‘Æ°á»ng sau kÃ¬a,709,1759025409,Xe nÃ y hÆ¡i tá»‘n chÃ³ #trending #giaitri #viral #vuive #khampha,NOT_HATE_SPEECH,1.0,"The comment makes an observation about a detail in the video, which is neutral."
7554979582928683784,7554770201380736274,Nguyen95,cÃ´ng suáº¥t: 1 chÃ³,cÃ´ng suáº¥t: 1 chÃ³,384,1759030767,Xe nÃ y hÆ¡i tá»‘n chÃ³ #trending #giaitri #viral #vuive #khampha,NOT_HATE_SPEECH,1.0,"The comment is a humorous observation about the power source, not an insult or attack."
7554799569026302738,7554770201380736274,LÃ¢n Pham QuÃ´c,Ai báº£o k phÃ¡t tháº£i khÃ­. KhÃ´ng nhá»¯ng phÃ¡t tháº£i khÃ­ mÃ  cÃ²n phÃ¡t cáº£ cháº¥t tháº£i ráº¯nðŸ˜‚ðŸ˜‚ðŸ˜‚,ai báº£o k phÃ¡t tháº£i khÃ­. khÃ´ng nhá»¯ng phÃ¡t tháº£i khÃ­ mÃ  cÃ²n phÃ¡t cáº£ cháº¥t tháº£i ráº¯n,147,1758988854,Xe nÃ y hÆ¡i tá»‘n chÃ³ #trending #giaitri #viral #vuive #khampha,NOT_HATE_SPEECH,1.0,"The comment makes a humorous observation contrasting the vehicle with emission-producing engines, which is not an insult or attack."
7555331449328419591,7554770201380736274,user72343937766,"nÃ o giá» nghe xe bÃ², xe ngá»±a nay cÃ³ thÃªm xe chÃ³ðŸ˜‚","nÃ o giá» nghe xe bÃ², xe ngá»±a nay cÃ³ thÃªm xe chÃ³",4,1759112696,Xe nÃ y hÆ¡i tá»‘n chÃ³ #trending #giaitri #viral #vuive #khampha,NOT_HATE_SPEECH,1.0,"The comment is a humorous observation comparing the vehicle to traditional animal-drawn carts, which is not an insult or attack."
7555021339472921351,7554770201380736274,chÆ¡i gÃ¬ chÆ¡i vá»›i,cháº¥t tháº£i ko ngá»­i Ä‘c.. nhÆ°ng Ä‘á»¡ Ä‘á»™c háº¡i hÆ¡n Ä‘á»™ng cÆ¡ Ä‘á»‘t xÄƒng dáº§uðŸ˜†ðŸ˜†ðŸ˜†,cháº¥t tháº£i ko ngá»­i Ä‘c.. nhÆ°ng Ä‘á»¡ Ä‘á»™c háº¡i hÆ¡n Ä‘á»™ng cÆ¡ Ä‘á»‘t xÄƒng dáº§u,14,1759040487,Xe nÃ y hÆ¡i tá»‘n chÃ³ #trending #giaitri #viral #vuive #khampha,NOT_HATE_SPEECH,1.0,"The comment makes a comparative observation about emissions, which is neutral."
7554942366231069447,7554770201380736274,THáº¢O Ä NÃ¡t 1978 (mua pháº¿ liá»‡u),rá»“i chÃºng nÃ³ láº¡i cáº¥m nuÃ´i chÃ³ luÃ´n ðŸ˜„ðŸ˜„ðŸ˜„ðŸ˜„ðŸ˜„,rá»“i chÃºng nÃ³ láº¡i cáº¥m nuÃ´i chÃ³ luÃ´n,61,1759022245,Xe nÃ y hÆ¡i tá»‘n chÃ³ #trending #giaitri #viral #vuive #khampha,NOT_HATE_SPEECH,1.0,"The comment is a humorous exaggeration about potential consequences, not an insult or attack."
7554981171974849298,7554770201380736274,HOÃ€NG  CÃ”NG,NhÃ  cÃ³ Ä‘á»™ng cÆ¡ rá»“i cho xin Ä‘á»‹a chá»‰ mua xe vá»›i,nhÃ  cÃ³ Ä‘á»™ng cÆ¡ rá»“i cho xin Ä‘á»‹a chá»‰ mua xe vá»›i,38,1759031137,Xe nÃ y hÆ¡i tá»‘n chÃ³ #trending #giaitri #viral #vuive #khampha,NOT_HATE_SPEECH,1.0,"The comment is a question seeking information for purchase, which is neutral."
7555034493414589192,7554770201380736274,á»c TiÃªu,cÃ´ng suáº¥t Ä‘á»™ng cÆ¡ lÃ  1 cáº©u lá»±c ðŸ˜‚,cÃ´ng suáº¥t Ä‘á»™ng cÆ¡ lÃ  1 cáº©u lá»±c,5,1759043551,Xe nÃ y hÆ¡i tá»‘n chÃ³ #trending #giaitri #viral #vuive #khampha,NOT_HATE_SPEECH,1.0,"The comment uses a humorous term for power, 'cáº©u lá»±c' (dog power), which is neutral."
7555374417640571665,7554770201380736274,KÃ©n CÃ¡ Chá»n HÃ³a ðŸ§ª,cÃ´ng suáº¥t 1 cáº©u lá»±c,cÃ´ng suáº¥t 1 cáº©u lá»±c,2,1759122702,Xe nÃ y hÆ¡i tá»‘n chÃ³ #trending #giaitri #viral #vuive #khampha,NOT_HATE_SPEECH,1.0,"The comment uses a humorous term for power, 'cáº©u lá»±c' (dog power), which is neutral."
7555749109634810632,7554770201380736274,Báº£o PK Háº£i DÆ°Æ¡ng,CÃ´ng suáº¥t bao nhiÃªu chÃ³ lá»±c?,cÃ´ng suáº¥t bao nhiÃªu chÃ³ lá»±c?,9,1759209937,Xe nÃ y hÆ¡i tá»‘n chÃ³ #trending #giaitri #viral #vuive #khampha,NOT_HATE_SPEECH,1.0,"The comment is a humorous question about the power unit of the vehicle, which is neutral."
7554919454708400914,7554770201380736274,Há»©a VÄƒn CÆ°á»ng,Xe nÃ y cháº¡y nhÆ°ng láº¡i thÆ°Æ¡ng cáº­u vÃ ng cá»§a lÃ£o háº¡c ðŸ˜‚ðŸ˜‚ðŸ˜‚,xe nÃ y cháº¡y nhÆ°ng láº¡i thÆ°Æ¡ng cáº­u vÃ ng cá»§a lÃ£o háº¡c,8,1759016788,Xe nÃ y hÆ¡i tá»‘n chÃ³ #trending #giaitri #viral #vuive #khampha,NOT_HATE_SPEECH,1.0,"The comment expresses sympathy for the dog by referencing a sad literary character, which is not an insult or attack."
7554939383238181639,7554770201380736274,linh linh,m biáº¿t t má»‡t láº¯m ko,m biáº¿t t má»‡t láº¯m ko,6,1759021409,Xe nÃ y hÆ¡i tá»‘n chÃ³ #trending #giaitri #viral #vuive #khampha,NOT_HATE_SPEECH,1.0,"The comment expresses personal tiredness, not an insult or attack."
7554917515726668562,7554770201380736274,zhÃ nðŸ¤«ðŸ¤«,Tá»™i con gÃ¢u,tá»™i con gÃ¢u,7,1759016325,Xe nÃ y hÆ¡i tá»‘n chÃ³ #trending #giaitri #viral #vuive #khampha,NOT_HATE_SPEECH,1.0,"The comment expresses sympathy for the dog, which is not an insult or attack."
7554998340698538760,7554770201380736274,åˆ˜ LÆ°u HT,xe 1 cáº©u lá»±c ðŸ˜‚ðŸ˜‚ðŸ˜‚ðŸ˜‚ðŸ˜‚,xe 1 cáº©u lá»±c,7,1759035131,Xe nÃ y hÆ¡i tá»‘n chÃ³ #trending #giaitri #viral #vuive #khampha,NOT_HATE_SPEECH,1.0,"The comment uses a humorous term for power, 'cáº©u lá»±c' (dog power), which is neutral."
7554856281988793095,7554770201380736274,Mai Trang Duong,"tháº¥y tá»™i cho chÃº cÃºn ,ðŸ« ","tháº¥y tá»™i cho chÃº cÃºn ,",7,1759002064,Xe nÃ y hÆ¡i tá»‘n chÃ³ #trending #giaitri #viral #vuive #khampha,NOT_HATE_SPEECH,1.0,"The comment expresses sympathy for the dog, which is not an insult or attack."
7555092091286766354,7554770201380736274,Minh TÃ¢n VTPT,nato má»¹ láº¡i kÃªu ko tÃ­nh phÃ­ thuÃª chÃ³ nuÃ´i chÃ³ vÃ o giÃ¡ váº­n chuyá»ƒn,nato má»¹ láº¡i kÃªu ko tÃ­nh phÃ­ thuÃª chÃ³ nuÃ´i chÃ³ vÃ o giÃ¡ váº­n chuyá»ƒn,0,1759056960,Xe nÃ y hÆ¡i tá»‘n chÃ³ #trending #giaitri #viral #vuive #khampha,NOT_HATE_SPEECH,1.0,"The comment is a humorous political/economic satire, not an insult or attack on an individual/group."
7556891799262282513,7554770201380736274,Th_edit,quáº£ pin dá»± phÃ²ng mÃ  cháº¡y theo nhÆ° kia lÃºc pin chÃ­nh Ä‘á»©t liá»‡u pin phá»¥ cÃ²n bnh % ae,quáº£ pin dá»± phÃ²ng mÃ  cháº¡y theo nhÆ° kia lÃºc pin chÃ­nh Ä‘á»©t liá»‡u pin phá»¥ cÃ²n bnh % ae,1,1759476003,Xe nÃ y hÆ¡i tá»‘n chÃ³ #trending #giaitri #viral #vuive #khampha,NOT_HATE_SPEECH,1.0,"The comment is a humorous observation about a detail in the video, not an insult or attack."
7557234541923074824,7554770201380736274,nhÃ  nghÃ¨o,cÃ¡i xe nÃ y Ä‘Ãºng lÃ  xe cáº©u nÃ¨,cÃ¡i xe nÃ y Ä‘Ãºng lÃ  xe cáº©u nÃ¨,1,1759555944,Xe nÃ y hÆ¡i tá»‘n chÃ³ #trending #giaitri #viral #vuive #khampha,NOT_HATE_SPEECH,1.0,"The comment makes a pun ('xe cáº©u' - tow truck, but 'cáº©u' also refers to dog), which is humorous and not hateful."
7555344580531913492,7554770201380736274,Thu VÃ ng,Má»‡t háº¿t Cáº£ ChÃ³ ðŸ˜‚,má»‡t háº¿t cáº£ chÃ³,3,1759115752,Xe nÃ y hÆ¡i tá»‘n chÃ³ #trending #giaitri #viral #vuive #khampha,NOT_HATE_SPEECH,1.0,"The comment expresses a humorous concern for the dog's well-being ('má»‡t háº¿t cáº£ chÃ³' - even the dog is tired), which is not an insult or attack."
7555102295579640597,7554770201380736274,Ngá»c Thiá»‡n (ChapiNguyen),"4 xi lanh, cháº¡y báº±ng xÃºc xÃ­ch vÃ  hÆ¡i nÆ°á»›c","4 xi lanh, cháº¡y báº±ng xÃºc xÃ­ch vÃ  hÆ¡i nÆ°á»›c",3,1759059336,Xe nÃ y hÆ¡i tá»‘n chÃ³ #trending #giaitri #viral #vuive #khampha,NOT_HATE_SPEECH,1.0,"The comment is a humorous description of the vehicle's mechanics, which is not an insult or attack."
7555678285243450132,7554770201380736274,YÃªu Thá»ƒ Thao âš½ï¸,CÃ´ng suáº¥t: 1 cáº©u lá»±cðŸ˜,cÃ´ng suáº¥t: 1 cáº©u lá»±c,2,1759193456,Xe nÃ y hÆ¡i tá»‘n chÃ³ #trending #giaitri #viral #vuive #khampha,NOT_HATE_SPEECH,1.0,"The comment uses a humorous term for power, 'cáº©u lá»±c' (dog power), which is neutral."
7555507280944825095,7554770201380736274,ChÃ­p bÃ©o,xe chá»‘ng trá»™m lÃ  Ä‘Ã¢y chá»© Ä‘Ã¢u ðŸ˜…,xe chá»‘ng trá»™m lÃ  Ä‘Ã¢y chá»© Ä‘Ã¢u,2,1759153632,Xe nÃ y hÆ¡i tá»‘n chÃ³ #trending #giaitri #viral #vuive #khampha,NOT_HATE_SPEECH,1.0,"The comment makes a humorous observation about the vehicle's security feature, which is not an insult or attack."
